node1_name,node2_name,endpoint1,endpoint2,bold,highlighted,properties,probability,no_edge
mail_dev,code_dev2,TAIL,ARROW,FALSE,FALSE,pd;nl,1,0
commit,churn,TAIL,ARROW,FALSE,FALSE,pd;nl,1,0
code_dev,file,TAIL,ARROW,FALSE,FALSE,pd;pl,0.998336106489185,0.00166389351081531
file,churn,TAIL,ARROW,FALSE,FALSE,dd;nl,1,0
mis_link,churn,TAIL,ARROW,FALSE,FALSE,pd;nl,0.981697171381032,0.0183028286189684
mail_dev2,churn2,TAIL,ARROW,FALSE,FALSE,pd;nl,0.747088186356073,0.252911813643927
mail_dev2,commit2,TAIL,ARROW,FALSE,FALSE,pd;nl,0.775374376039934,0.224625623960067
mail_dev2,thread2,TAIL,ARROW,FALSE,FALSE,dd;nl,1,0
mail_dev,thread2,TAIL,ARROW,FALSE,FALSE,pd;nl,0.970049916805324,0.0299500831946755
mail_dev,thread,TAIL,ARROW,FALSE,FALSE,dd;nl,1,0
mail_dev,silence2,TAIL,ARROW,FALSE,FALSE,pd;nl,0.450915141430948,0.549084858569052
thread2,code_dev2,TAIL,ARROW,FALSE,FALSE,dd;nl,0.552412645590682,0.447587354409318
thread2,commit2,TAIL,ARROW,FALSE,FALSE,dd;nl,1,0
thread,thread2,TAIL,ARROW,FALSE,FALSE,pd;nl,0.613976705490849,0.386023294509151
thread2,churn2,TAIL,ARROW,FALSE,FALSE,pd;nl,0.951747088186356,0.0482529118136439
thread,silence2,TAIL,ARROW,FALSE,FALSE,pd;nl,0.991680532445923,0.00831946755407653
thread,mis_link,TAIL,ARROW,FALSE,FALSE,pd;nl,0.998336106489185,0.00166389351081531
thread,mis_link2,TAIL,ARROW,FALSE,FALSE,pd;nl,0.53910149750416,0.46089850249584
thread,file2,TAIL,ARROW,FALSE,FALSE,pd;nl,1,0
thread,mail_dev2,TAIL,ARROW,FALSE,FALSE,pd;nl,0.589018302828619,0.410981697171381
thread,file,TAIL,ARROW,FALSE,FALSE,dd;nl,0.292845257903494,0.707154742096506
start,mis_link2,TAIL,ARROW,FALSE,FALSE,pd;nl,0.993344425956739,0.00665557404326123
mis_link2,thread2,TAIL,ARROW,FALSE,FALSE,pd;nl,0.455906821963394,0.544093178036606
mis_link2,silence2,TAIL,ARROW,FALSE,FALSE,pd;nl,0.908485856905158,0.0915141430948418
mis_link2,mail_dev2,TAIL,ARROW,FALSE,FALSE,dd;nl,0.810316139767055,0.189683860232945
mis_link2,commit2,TAIL,ARROW,FALSE,FALSE,pd;nl,0.903494176372712,0.0965058236272879
mis_link2,churn2,TAIL,ARROW,FALSE,FALSE,dd;nl,1,0
mis_link2,code_dev2,TAIL,ARROW,FALSE,FALSE,pd;nl,1,0
mis_link,thread2,TAIL,ARROW,FALSE,FALSE,pd;nl,1,0
mis_link,start,TAIL,ARROW,FALSE,FALSE,pd;nl,1,0
mis_link,mis_link2,TAIL,ARROW,FALSE,FALSE,pd;nl,1,0
mis_link,silence2,TAIL,ARROW,FALSE,FALSE,pd;nl,0.881863560732113,0.118136439267887
mis_link,mail_dev2,TAIL,ARROW,FALSE,FALSE,pd;nl,0.342762063227953,0.657237936772047
mis_link,file2,TAIL,ARROW,FALSE,FALSE,pd;nl,0.993344425956739,0.00665557404326123
mis_link,file,TAIL,ARROW,FALSE,FALSE,dd;nl,0.682196339434276,0.317803660565724
mis_link,churn2,TAIL,ARROW,FALSE,FALSE,pd;nl,0.342762063227953,0.657237936772047
mis_link,code_dev2,TAIL,ARROW,FALSE,FALSE,pd;nl,0.860232945091514,0.139767054908486
silence,churn2,TAIL,ARROW,FALSE,FALSE,pd;pl,0.810316139767055,0.189683860232945
silence,commit,TAIL,ARROW,FALSE,FALSE,pd;pl,0.722129783693844,0.277870216306156
silence,commit2,TAIL,ARROW,FALSE,FALSE,pd;pl,0.850249584026622,0.149750415973378
silence,code_dev2,TAIL,ARROW,FALSE,FALSE,pd;pl,1,0
silence,file,TAIL,ARROW,FALSE,FALSE,pd;pl,1,0
silence,file2,TAIL,ARROW,FALSE,FALSE,pd;pl,0.973377703826955,0.0266222961730449
silence,mail_dev,TAIL,ARROW,FALSE,FALSE,dd;pl,1,0
silence,silence2,TAIL,ARROW,FALSE,FALSE,pd;pl,0.981697171381032,0.0183028286189684
silence,thread,TAIL,ARROW,FALSE,FALSE,pd;pl,0.750415973377704,0.249584026622296
silence2,churn2,TAIL,ARROW,FALSE,FALSE,pd;nl,0.980033277870216,0.0199667221297837
silence2,mail_dev2,TAIL,ARROW,FALSE,FALSE,pd;nl,1,0
silence2,thread2,TAIL,ARROW,FALSE,FALSE,dd;nl,0.46089850249584,0.53910149750416
start,churn2,TAIL,ARROW,FALSE,FALSE,pd;nl,0.324459234608985,0.675540765391015
start,commit2,TAIL,ARROW,FALSE,FALSE,pd;nl,0.933444259567388,0.0665557404326124
start,file2,TAIL,ARROW,FALSE,FALSE,dd;nl,1,0
thread,churn,TAIL,ARROW,FALSE,FALSE,pd;nl,1,0
thread,churn2,TAIL,ARROW,FALSE,FALSE,pd;nl,0.429284525790349,0.570715474209651
thread,code_dev2,TAIL,ARROW,FALSE,FALSE,pd;nl,0.831946755407654,0.168053244592346
thread,commit,TAIL,ARROW,FALSE,FALSE,dd;nl,1,0
thread,commit2,TAIL,ARROW,FALSE,FALSE,pd;nl,0.861896838602329,0.138103161397671
mail_dev,churn2,TAIL,ARROW,FALSE,FALSE,pd;nl,0.990016638935108,0.00998336106489184
mail_dev,churn,TAIL,ARROW,FALSE,FALSE,pd;nl,0.976705490848586,0.0232945091514143
file2,silence2,TAIL,ARROW,FALSE,FALSE,dd;nl,0.995008319467554,0.00499168053244592
file2,thread2,TAIL,ARROW,FALSE,FALSE,pd;nl,0.868552412645591,0.131447587354409
file2,mis_link2,TAIL,ARROW,FALSE,FALSE,pd;nl,0.998336106489185,0.00166389351081531
file2,mail_dev2,TAIL,ARROW,FALSE,FALSE,pd;nl,0.372712146422629,0.627287853577371
file2,churn2,TAIL,ARROW,FALSE,FALSE,pd;nl,1,0
file2,commit2,TAIL,ARROW,FALSE,FALSE,pd;nl,1,0
file,start,TAIL,ARROW,FALSE,FALSE,dd;nl,1,0
file,thread2,TAIL,ARROW,FALSE,FALSE,pd;nl,0.574043261231281,0.425956738768719
file,silence2,TAIL,ARROW,FALSE,FALSE,pd;nl,1,0
file,mail_dev2,TAIL,ARROW,FALSE,FALSE,pd;nl,0.281198003327787,0.718801996672213
file,mis_link2,TAIL,ARROW,FALSE,FALSE,pd;nl,0.861896838602329,0.138103161397671
file,commit2,TAIL,ARROW,FALSE,FALSE,pd;nl,0.449251247920133,0.550748752079867
file,churn2,TAIL,ARROW,FALSE,FALSE,pd;nl,1,0
mail_dev,commit2,TAIL,ARROW,FALSE,FALSE,pd;nl,0.993344425956739,0.00665557404326123
mail_dev,mis_link,TAIL,ARROW,FALSE,FALSE,pd;nl,0.936772046589018,0.0632279534109818
mail_dev,mail_dev2,TAIL,ARROW,FALSE,FALSE,pd;nl,1,0
mail_dev,mis_link2,TAIL,ARROW,FALSE,FALSE,pd;nl,0.763727121464226,0.236272878535774
code_dev,file2,TAIL,ARROW,FALSE,FALSE,pd;pl,0.86522462562396,0.13477537437604
code_dev,mail_dev2,TAIL,ARROW,FALSE,FALSE,pd;pl,0.697171381031614,0.302828618968386
code_dev,mail_dev,TAIL,ARROW,FALSE,FALSE,dd;pl,0.881863560732113,0.118136439267887
code_dev,mis_link,TAIL,ARROW,FALSE,FALSE,pd;pl,1,0
code_dev,mis_link2,TAIL,ARROW,FALSE,FALSE,pd;pl,0.579034941763727,0.420965058236273
code_dev,start,TAIL,ARROW,FALSE,FALSE,pd;pl,0.579034941763727,0.420965058236273
code_dev,thread,TAIL,ARROW,FALSE,FALSE,pd;pl,0.319467554076539,0.680532445923461
code_dev,thread2,TAIL,ARROW,FALSE,FALSE,pd;pl,0.499168053244592,0.500831946755408
code_dev2,commit2,TAIL,ARROW,FALSE,FALSE,pd;nl,0.965058236272879,0.0349417637271214
commit,churn2,TAIL,ARROW,FALSE,FALSE,pd;nl,0.400998336106489,0.599001663893511
commit,code_dev2,TAIL,ARROW,FALSE,FALSE,pd;nl,0.998336106489185,0.00166389351081531
commit,commit2,TAIL,ARROW,FALSE,FALSE,pd;nl,1,0
commit,file,TAIL,ARROW,FALSE,FALSE,pd;nl,1,0
commit,file2,TAIL,ARROW,FALSE,FALSE,pd;nl,0.32279534109817,0.67720465890183
commit,mail_dev2,TAIL,ARROW,FALSE,FALSE,pd;nl,0.968386023294509,0.0316139767054908
commit,mis_link,TAIL,ARROW,FALSE,FALSE,dd;nl,0.983361064891847,0.0166389351081531
commit,silence2,TAIL,ARROW,FALSE,FALSE,pd;nl,0.372712146422629,0.627287853577371
commit,start,TAIL,ARROW,FALSE,FALSE,pd;nl,0.94342762063228,0.0565723793677204
commit2,churn2,TAIL,ARROW,FALSE,FALSE,pd;nl,1,0
commit,thread2,TAIL,ARROW,FALSE,FALSE,pd;nl,0.362728785357737,0.637271214642263
code_dev2,mail_dev2,TAIL,ARROW,FALSE,FALSE,dd;nl,0.384359400998336,0.615640599001664
code_dev2,silence2,TAIL,ARROW,FALSE,FALSE,dd;nl,0.479201331114809,0.520798668885191
code_dev,commit2,TAIL,ARROW,FALSE,FALSE,pd;pl,1,0
churn,silence2,TAIL,ARROW,FALSE,FALSE,pd;nl,1,0
churn,mis_link2,TAIL,ARROW,FALSE,FALSE,dd;nl,0.502495840266223,0.497504159733777
churn,file2,TAIL,ARROW,FALSE,FALSE,dd;nl,0.935108153078203,0.0648918469217971
churn,commit2,TAIL,ARROW,FALSE,FALSE,pd;nl,0.780366056572379,0.219633943427621
churn,churn2,TAIL,ARROW,FALSE,FALSE,pd;nl,1,0
churn,code_dev2,TAIL,ARROW,FALSE,FALSE,pd;nl,0.469217970049917,0.530782029950083
churn,mail_dev2,TAIL,ARROW,FALSE,FALSE,pd;nl,0.296173044925125,0.703826955074875
churn,thread2,TAIL,ARROW,FALSE,FALSE,pd;nl,0.970049916805324,0.0299500831946755
churn2,code_dev2,TAIL,ARROW,FALSE,FALSE,dd;nl,0.995008319467554,0.00499168053244592
code_dev,churn2,TAIL,ARROW,FALSE,FALSE,pd;pl,0.945091514143095,0.0549084858569051
code_dev,code_dev2,TAIL,ARROW,FALSE,FALSE,pd;pl,1,0
code_dev,commit,TAIL,ARROW,FALSE,FALSE,pd;pl,0.708818635607321,0.291181364392679
