node1_name,node2_name,endpoint1,endpoint2,bold,highlighted,properties,probability
nv-churn2,nv-code_dev,TAIL,TAIL,FALSE,FALSE,"",0.00199600798403194
nv-mis_link2,b_150290,TAIL,TAIL,FALSE,FALSE,"",0.00199600798403194
churn,nv-b_100433,TAIL,ARROW,FALSE,FALSE,dd;nl,0.0119760479041916
b_191549,nv-code_dev,TAIL,ARROW,FALSE,FALSE,dd;nl,0.00199600798403194
b_180737,nv-churn2,TAIL,ARROW,FALSE,FALSE,dd;nl,0.0139720558882236
b_180735,mail_dev,TAIL,ARROW,FALSE,FALSE,dd;nl,0.00199600798403194
b_150291,nv-b_100740,TAIL,ARROW,FALSE,FALSE,dd;pl,0.179640718562874
b_180735,nv-mis_link2,TAIL,ARROW,FALSE,FALSE,dd;nl,0.0139720558882236
mis_link,b_180735,TAIL,ARROW,FALSE,FALSE,dd;nl,0.0419161676646707
b_191549,nv-b_103864,TAIL,ARROW,FALSE,FALSE,dd;nl,0.119760479041916
b_191549,nv-b_102939,TAIL,ARROW,FALSE,FALSE,dd;nl,0.127744510978044
b_191549,nv-silence2,TAIL,ARROW,FALSE,FALSE,dd;nl,0.00399201596806387
b_201967,mail_dev2,TAIL,ARROW,FALSE,FALSE,dd;nl,0.00199600798403194
b_201967,nv-b_100740,TAIL,ARROW,FALSE,FALSE,dd;pl,0.0199600798403194
b_201967,nv-b_103864,TAIL,ARROW,FALSE,FALSE,dd;pl,0.121756487025948
b_62937,nv-b_100740,TAIL,ARROW,FALSE,FALSE,dd;pl,0.215568862275449
b_62937,nv-b_102939,TAIL,ARROW,FALSE,FALSE,dd;pl,0.243512974051896
b_62937,start,TAIL,ARROW,FALSE,FALSE,dd;pl,0.0339321357285429
b_62940,code_dev,TAIL,ARROW,FALSE,FALSE,pd;pl,0.00199600798403194
b_62940,nv-b_103864,TAIL,ARROW,FALSE,FALSE,dd;pl,0.231536926147705
b_62940,nv-thread2,TAIL,ARROW,FALSE,FALSE,dd;nl,0.00199600798403194
b_62940,start,TAIL,ARROW,FALSE,FALSE,dd;pl,0.832335329341317
b_63738,nv-b_100742,TAIL,ARROW,FALSE,FALSE,dd;pl,0.36127744510978
b_63738,nv-b_104180,TAIL,ARROW,FALSE,FALSE,dd;pl,0.165668662674651
b_63738,nv-commit,TAIL,ARROW,FALSE,FALSE,dd;pl,0.00598802395209581
b_63738,nv-file,TAIL,ARROW,FALSE,FALSE,dd;nl,0.00399201596806387
b_63738,silence2,TAIL,ARROW,FALSE,FALSE,pd;pl,0.00199600798403194
b_64339,start,TAIL,ARROW,FALSE,FALSE,dd;pl,0.818363273453094
b_63738,start,TAIL,ARROW,FALSE,FALSE,dd;pl,0.828343313373254
b_81672,nv-thread2,TAIL,ARROW,FALSE,FALSE,dd;pl,0.00399201596806387
b_93245,nv-silence,TAIL,ARROW,FALSE,FALSE,dd;nl,0.00598802395209581
b_93245,start,TAIL,ARROW,FALSE,FALSE,dd;pl,0.243512974051896
b_81672,start,TAIL,ARROW,FALSE,FALSE,dd;pl,0.656686626746507
churn,b_143506,TAIL,ARROW,FALSE,FALSE,dd;nl,0.00199600798403194
churn,b_150287,TAIL,ARROW,FALSE,FALSE,dd;nl,0.00199600798403194
churn,b_151788,TAIL,ARROW,FALSE,FALSE,dd;nl,0.00199600798403194
churn,b_162105,TAIL,ARROW,FALSE,FALSE,dd;nl,0.00199600798403194
churn,b_162107,TAIL,ARROW,FALSE,FALSE,dd;nl,0.00399201596806387
churn,b_162109,TAIL,ARROW,FALSE,FALSE,dd;nl,0.00199600798403194
churn,b_162181,TAIL,ARROW,FALSE,FALSE,dd;nl,0.00199600798403194
churn,b_173733,TAIL,ARROW,FALSE,FALSE,dd;nl,0.00199600798403194
churn,b_180732,TAIL,ARROW,FALSE,FALSE,dd;nl,0.00798403193612774
churn,b_180739,TAIL,ARROW,FALSE,FALSE,dd;nl,0.00199600798403194
churn,b_191547,TAIL,ARROW,FALSE,FALSE,dd;nl,0.00199600798403194
churn,b_62937,TAIL,ARROW,FALSE,FALSE,dd;nl,0.00199600798403194
churn,nv-b_103864,TAIL,ARROW,FALSE,FALSE,dd;nl,0.0119760479041916
churn,nv-b_104180,TAIL,ARROW,FALSE,FALSE,dd;nl,0.00199600798403194
churn,nv-churn,TAIL,ARROW,FALSE,FALSE,dd;nl,0.00399201596806387
churn,nv-code_dev,TAIL,ARROW,FALSE,FALSE,dd;nl,0.00598802395209581
churn,nv-start,TAIL,ARROW,FALSE,FALSE,dd;nl,0.0419161676646707
churn,nv-thread,TAIL,ARROW,FALSE,FALSE,dd;nl,0.00199600798403194
churn,nv-thread2,TAIL,ARROW,FALSE,FALSE,dd;nl,0.00598802395209581
churn2,b_100433,TAIL,ARROW,FALSE,FALSE,dd;nl,0.00199600798403194
churn2,b_120027,TAIL,ARROW,FALSE,FALSE,dd;nl,0.00598802395209581
churn2,b_134353,TAIL,ARROW,FALSE,FALSE,dd;nl,0.00199600798403194
churn2,b_140076,TAIL,ARROW,FALSE,FALSE,dd;nl,0.00199600798403194
churn2,b_140221,TAIL,ARROW,FALSE,FALSE,dd;nl,0.00199600798403194
churn2,b_160702,TAIL,ARROW,FALSE,FALSE,dd;nl,0.00199600798403194
churn2,b_162107,TAIL,ARROW,FALSE,FALSE,dd;nl,0.00598802395209581
churn2,b_162108,TAIL,ARROW,FALSE,FALSE,dd;nl,0.00399201596806387
churn2,b_162180,TAIL,ARROW,FALSE,FALSE,pd;nl,0.00598802395209581
churn2,b_162181,TAIL,ARROW,FALSE,FALSE,dd;nl,0.00199600798403194
churn2,b_166302,TAIL,ARROW,FALSE,FALSE,dd;nl,0.00399201596806387
churn2,b_166303,TAIL,ARROW,FALSE,FALSE,dd;nl,0.00199600798403194
churn2,b_173733,TAIL,ARROW,FALSE,FALSE,dd;nl,0.00598802395209581
churn2,b_180732,TAIL,ARROW,FALSE,FALSE,dd;nl,0.00598802395209581
churn2,b_180735,TAIL,ARROW,FALSE,FALSE,dd;nl,0.00199600798403194
churn2,b_180737,TAIL,ARROW,FALSE,FALSE,dd;nl,0.00399201596806387
churn2,b_180739,TAIL,ARROW,FALSE,FALSE,pd;nl,0.00998003992015968
churn2,b_191547,TAIL,ARROW,FALSE,FALSE,pd;nl,0.00199600798403194
churn2,b_191549,TAIL,ARROW,FALSE,FALSE,dd;nl,0.00399201596806387
churn2,b_201967,TAIL,ARROW,FALSE,FALSE,dd;nl,0.00199600798403194
churn2,churn,TAIL,ARROW,FALSE,FALSE,pd;nl,1
churn2,commit2,TAIL,ARROW,FALSE,FALSE,dd;nl,1
churn2,file2,TAIL,ARROW,FALSE,FALSE,pd;nl,1
churn2,nv-code_dev,TAIL,ARROW,FALSE,FALSE,dd;nl,0.00199600798403194
churn2,mail_dev2,TAIL,ARROW,FALSE,FALSE,pd;nl,0.303393213572854
churn2,nv-commit2,TAIL,ARROW,FALSE,FALSE,dd;nl,0.0199600798403194
churn2,nv-mail_dev,TAIL,ARROW,FALSE,FALSE,dd;nl,0.00199600798403194
churn2,nv-mis_link,TAIL,ARROW,FALSE,FALSE,dd;nl,0.00199600798403194
churn2,nv-mis_link2,TAIL,ARROW,FALSE,FALSE,dd;nl,0.00199600798403194
churn2,nv-silence,TAIL,ARROW,FALSE,FALSE,dd;nl,0.00998003992015968
churn2,silence,TAIL,ARROW,FALSE,FALSE,pd;nl,0.800399201596806
churn2,silence2,TAIL,ARROW,FALSE,FALSE,pd;nl,0.353293413173653
code_dev,churn2,TAIL,ARROW,FALSE,FALSE,pd;pl,0.736526946107785
churn2,thread2,TAIL,ARROW,FALSE,FALSE,pd;nl,0.107784431137725
code_dev,b_114577,TAIL,ARROW,FALSE,FALSE,dd;nl,0.00798403193612774
code_dev,b_140224,TAIL,TAIL,FALSE,FALSE,"",0.00399201596806387
code_dev,b_143470,TAIL,ARROW,FALSE,FALSE,dd;nl,0.00199600798403194
code_dev,b_143506,TAIL,TAIL,FALSE,FALSE,"",0.00199600798403194
code_dev,b_143507,TAIL,ARROW,FALSE,FALSE,dd;nl,0.00399201596806387
code_dev,b_162107,TAIL,ARROW,FALSE,FALSE,dd;nl,0.0279441117764471
code_dev,b_162176,TAIL,ARROW,FALSE,FALSE,dd;nl,0.00199600798403194
code_dev,b_162178,TAIL,ARROW,FALSE,FALSE,dd;nl,0.00199600798403194
code_dev,b_162179,TAIL,ARROW,FALSE,FALSE,dd;nl,0.00399201596806387
code_dev,b_162181,TAIL,ARROW,FALSE,FALSE,dd;nl,0.00199600798403194
code_dev,b_162182,TAIL,ARROW,FALSE,FALSE,dd;nl,0.00199600798403194
code_dev,b_166302,TAIL,ARROW,FALSE,FALSE,dd;nl,0.00199600798403194
code_dev,b_166303,TAIL,TAIL,FALSE,FALSE,"",0.00199600798403194
code_dev,b_173731,TAIL,ARROW,FALSE,FALSE,dd;nl,0.00199600798403194
code_dev,b_180732,TAIL,ARROW,FALSE,FALSE,dd;nl,0.0379241516966068
code_dev,b_180734,TAIL,ARROW,FALSE,FALSE,dd;nl,0.0578842315369262
code_dev,b_180735,TAIL,ARROW,FALSE,FALSE,dd;nl,0.0279441117764471
code_dev,b_180737,TAIL,ARROW,FALSE,FALSE,dd;nl,0.0239520958083832
code_dev,b_180739,TAIL,ARROW,FALSE,FALSE,dd;nl,0.0658682634730539
code_dev,b_191547,TAIL,ARROW,FALSE,FALSE,dd;nl,0.0199600798403194
code_dev,churn,TAIL,ARROW,FALSE,FALSE,pd;pl,0.377245508982036
code_dev,b_201967,TAIL,ARROW,FALSE,FALSE,dd;nl,0.0439121756487026
code_dev,b_191549,TAIL,ARROW,FALSE,FALSE,dd;nl,0.029940119760479
file,thread,TAIL,ARROW,FALSE,FALSE,pd;nl,0.347305389221557
file,nv-b_100740,TAIL,ARROW,FALSE,FALSE,pd;nl,0.00199600798403194
file,nv-b_102939,TAIL,ARROW,FALSE,FALSE,dd;nl,0.00399201596806387
file,nv-b_103864,TAIL,ARROW,FALSE,FALSE,dd;nl,0.00598802395209581
file,nv-b_104180,TAIL,ARROW,FALSE,FALSE,dd;nl,0.00199600798403194
file,nv-churn2,TAIL,ARROW,FALSE,FALSE,dd;nl,0.00399201596806387
file,nv-code_dev2,TAIL,ARROW,FALSE,FALSE,dd;nl,0.00399201596806387
file,nv-commit2,TAIL,ARROW,FALSE,FALSE,dd;nl,0.00399201596806387
file,nv-mail_dev,TAIL,ARROW,FALSE,FALSE,dd;nl,0.00598802395209581
file,nv-mis_link2,TAIL,ARROW,FALSE,FALSE,dd;nl,0.00199600798403194
file,nv-silence,TAIL,ARROW,FALSE,FALSE,dd;nl,0.00199600798403194
file,nv-silence2,TAIL,ARROW,FALSE,FALSE,dd;nl,0.00998003992015968
file,nv-start,TAIL,ARROW,FALSE,FALSE,dd;nl,0.0459081836327345
file,nv-thread,TAIL,ARROW,FALSE,FALSE,dd;nl,0.00199600798403194
file,nv-thread2,TAIL,ARROW,FALSE,FALSE,dd;nl,0.00798403193612774
file,silence,TAIL,ARROW,FALSE,FALSE,dd;nl,1
file,silence2,TAIL,ARROW,FALSE,FALSE,pd;nl,0.972055888223553
mail_dev2,file,TAIL,ARROW,FALSE,FALSE,pd;pl,0.193612774451098
mail_dev2,file2,TAIL,ARROW,FALSE,FALSE,pd;nl,0.80439121756487
mail_dev2,nv-commit2,TAIL,ARROW,FALSE,FALSE,dd;nl,0.0259481037924152
mail_dev2,nv-mail_dev,TAIL,ARROW,FALSE,FALSE,dd;nl,0.00199600798403194
mail_dev2,nv-mail_dev2,TAIL,ARROW,FALSE,FALSE,dd;nl,0.00199600798403194
mail_dev2,nv-thread,TAIL,ARROW,FALSE,FALSE,dd;nl,0.00199600798403194
mail_dev2,silence,TAIL,ARROW,FALSE,FALSE,pd;nl,0.215568862275449
mail_dev2,silence2,TAIL,ARROW,FALSE,FALSE,pd;nl,1
mis_link,b_122110,TAIL,ARROW,FALSE,FALSE,dd;nl,0.00399201596806387
mis_link,b_134353,TAIL,ARROW,FALSE,FALSE,dd;nl,0.00399201596806387
mis_link,b_140076,TAIL,ARROW,FALSE,FALSE,dd;nl,0.00199600798403194
mis_link,b_160799,TAIL,ARROW,FALSE,FALSE,dd;nl,0.00199600798403194
mis_link,b_162107,TAIL,TAIL,FALSE,FALSE,"",0.0139720558882236
mis_link,b_162178,TAIL,ARROW,FALSE,FALSE,dd;nl,0.00598802395209581
mis_link,b_162179,TAIL,ARROW,FALSE,FALSE,dd;nl,0.00598802395209581
mis_link,b_162180,TAIL,ARROW,FALSE,FALSE,dd;nl,0.00199600798403194
mis_link,b_166303,TAIL,ARROW,FALSE,FALSE,dd;nl,0.00199600798403194
mis_link,b_162182,TAIL,ARROW,FALSE,FALSE,dd;nl,0.00598802395209581
mis_link,b_167053,TAIL,ARROW,FALSE,FALSE,dd;nl,0.0538922155688623
mis_link,b_173731,TAIL,ARROW,FALSE,FALSE,dd;nl,0.109780439121756
mis_link,b_173733,TAIL,ARROW,FALSE,FALSE,dd;nl,0.0179640718562874
mis_link,b_180734,TAIL,ARROW,FALSE,FALSE,dd;nl,0.0139720558882236
mail_dev2,commit2,TAIL,ARROW,FALSE,FALSE,dd;nl,0.974051896207585
mail_dev2,churn,TAIL,ARROW,FALSE,FALSE,pd;nl,0.808383233532934
mail_dev2,commit,TAIL,ARROW,FALSE,FALSE,pd;nl,0.728542914171657
mail_dev2,b_180732,TAIL,ARROW,FALSE,FALSE,dd;nl,0.00199600798403194
mail_dev2,b_80891,TAIL,TAIL,FALSE,FALSE,"",0.00199600798403194
mail_dev2,b_162178,TAIL,ARROW,FALSE,FALSE,dd;nl,0.00199600798403194
mail_dev2,b_166302,TAIL,ARROW,FALSE,FALSE,dd;nl,0.00199600798403194
mail_dev2,b_162108,TAIL,ARROW,FALSE,FALSE,dd;nl,0.00199600798403194
mail_dev2,b_162176,TAIL,ARROW,FALSE,FALSE,dd;nl,0.00199600798403194
mail_dev2,b_142970,TAIL,ARROW,FALSE,FALSE,dd;nl,0.00199600798403194
mail_dev,thread2,TAIL,ARROW,FALSE,FALSE,pd;nl,0.994011976047904
mail_dev2,b_160701,TAIL,ARROW,FALSE,FALSE,dd;nl,0.00199600798403194
mail_dev,silence2,TAIL,ARROW,FALSE,FALSE,pd;nl,0.846307385229541
mail_dev,thread,TAIL,ARROW,FALSE,FALSE,dd;nl,1
mail_dev,nv-mis_link2,TAIL,ARROW,FALSE,FALSE,dd;nl,0.00199600798403194
mail_dev,silence,TAIL,ARROW,FALSE,FALSE,pd;nl,1
mail_dev,nv-code_dev,TAIL,ARROW,FALSE,FALSE,dd;nl,0.00199600798403194
mail_dev,nv-mail_dev2,TAIL,TAIL,FALSE,FALSE,"",0.00199600798403194
mail_dev,mail_dev2,TAIL,ARROW,FALSE,FALSE,pd;nl,0.978043912175649
mail_dev,nv-churn,TAIL,ARROW,FALSE,FALSE,dd;nl,0.00199600798403194
mail_dev,file,TAIL,ARROW,FALSE,FALSE,pd;nl,0.74251497005988
mail_dev,file2,TAIL,ARROW,FALSE,FALSE,pd;nl,0.588822355289421
mail_dev,commit,TAIL,ARROW,FALSE,FALSE,pd;nl,0.520958083832335
mail_dev,commit2,TAIL,ARROW,FALSE,FALSE,pd;nl,0.966067864271457
mail_dev,churn2,TAIL,ARROW,FALSE,FALSE,pd;nl,0.858283433133733
mail_dev,code_dev2,TAIL,ARROW,FALSE,FALSE,pd;nl,0.469061876247505
mail_dev,b_81672,TAIL,ARROW,FALSE,FALSE,dd;nl,0.00199600798403194
mail_dev,churn,TAIL,ARROW,FALSE,FALSE,pd;nl,0.952095808383234
mail_dev,b_167053,TAIL,ARROW,FALSE,FALSE,dd;nl,0.00399201596806387
mail_dev,b_62937,TAIL,ARROW,FALSE,FALSE,dd;nl,0.00199600798403194
mail_dev,b_166303,TAIL,ARROW,FALSE,FALSE,dd;nl,0.00199600798403194
mail_dev,b_166304,TAIL,ARROW,FALSE,FALSE,dd;nl,0.00199600798403194
mail_dev,b_143572,TAIL,ARROW,FALSE,FALSE,dd;nl,0.00199600798403194
mail_dev,b_151791,TAIL,ARROW,FALSE,FALSE,dd;nl,0.00199600798403194
mail_dev,b_140076,TAIL,ARROW,FALSE,FALSE,dd;nl,0.00199600798403194
mail_dev,b_143567,TAIL,ARROW,FALSE,FALSE,dd;nl,0.00199600798403194
file2,silence2,TAIL,ARROW,FALSE,FALSE,dd;nl,1
mail_dev,b_122110,TAIL,ARROW,FALSE,FALSE,dd;nl,0.00199600798403194
file2,nv-churn2,TAIL,ARROW,FALSE,FALSE,dd;nl,0.00199600798403194
file2,nv-silence,TAIL,ARROW,FALSE,FALSE,dd;nl,0.0598802395209581
file2,b_191549,TAIL,ARROW,FALSE,FALSE,dd;nl,0.00598802395209581
file2,churn,TAIL,ARROW,FALSE,FALSE,dd;nl,0.528942115768463
file2,b_180739,TAIL,ARROW,FALSE,FALSE,dd;nl,0.00598802395209581
file2,b_191547,TAIL,ARROW,FALSE,FALSE,dd;nl,0.00199600798403194
file2,b_180732,TAIL,ARROW,FALSE,FALSE,dd;nl,0.00399201596806387
file2,b_180735,TAIL,ARROW,FALSE,FALSE,dd;nl,0.00399201596806387
file2,b_162180,TAIL,ARROW,FALSE,FALSE,dd;nl,0.00399201596806387
file2,b_173733,TAIL,ARROW,FALSE,FALSE,dd;nl,0.00399201596806387
file2,b_151789,TAIL,ARROW,FALSE,FALSE,dd;nl,0.00199600798403194
file2,b_162107,TAIL,ARROW,FALSE,FALSE,pd;nl,0.00399201596806387
file2,b_150285,TAIL,ARROW,FALSE,FALSE,dd;nl,0.00199600798403194
file2,b_150287,TAIL,ARROW,FALSE,FALSE,dd;nl,0.00199600798403194
file2,b_143506,TAIL,ARROW,FALSE,FALSE,dd;nl,0.00199600798403194
file2,b_143510,TAIL,ARROW,FALSE,FALSE,dd;nl,0.00199600798403194
file2,b_140160,TAIL,ARROW,FALSE,FALSE,dd;nl,0.00199600798403194
file2,b_140221,TAIL,ARROW,FALSE,FALSE,dd;nl,0.00199600798403194
file,commit2,TAIL,ARROW,FALSE,FALSE,pd;nl,0.231536926147705
file,file2,TAIL,ARROW,FALSE,FALSE,pd;nl,0.608782435129741
file,churn,TAIL,ARROW,FALSE,FALSE,pd;nl,1
file,churn2,TAIL,ARROW,FALSE,FALSE,pd;nl,0.293413173652695
file,b_191549,TAIL,ARROW,FALSE,FALSE,dd;nl,0.00399201596806387
file,b_201967,TAIL,ARROW,FALSE,FALSE,dd;nl,0.00598802395209581
file,b_180739,TAIL,ARROW,FALSE,FALSE,dd;nl,0.00199600798403194
file,b_191547,TAIL,ARROW,FALSE,FALSE,dd;nl,0.00199600798403194
file,b_180735,TAIL,ARROW,FALSE,FALSE,dd;nl,0.00598802395209581
file,b_180737,TAIL,ARROW,FALSE,FALSE,dd;nl,0.0119760479041916
file,b_173733,TAIL,ARROW,FALSE,FALSE,dd;nl,0.00199600798403194
file,b_180732,TAIL,ARROW,FALSE,FALSE,dd;nl,0.00598802395209581
file,b_162181,TAIL,ARROW,FALSE,FALSE,dd;nl,0.00199600798403194
file,b_166303,TAIL,ARROW,FALSE,FALSE,dd;nl,0.00199600798403194
file,b_162176,TAIL,ARROW,FALSE,FALSE,dd;nl,0.00399201596806387
file,b_162107,TAIL,ARROW,FALSE,FALSE,dd;nl,0.0179640718562874
file,b_162180,TAIL,ARROW,FALSE,FALSE,pd;nl,0.0239520958083832
file,b_150207,TAIL,ARROW,FALSE,FALSE,dd;nl,0.00199600798403194
file,b_160705,TAIL,ARROW,FALSE,FALSE,dd;nl,0.00199600798403194
file,b_143507,TAIL,ARROW,FALSE,FALSE,dd;nl,0.00199600798403194
file,b_143570,TAIL,ARROW,FALSE,FALSE,dd;nl,0.00199600798403194
commit2,silence2,TAIL,ARROW,FALSE,FALSE,pd;nl,0.111776447105788
file,b_140221,TAIL,ARROW,FALSE,FALSE,dd;nl,0.00199600798403194
commit2,nv-thread2,TAIL,ARROW,FALSE,FALSE,dd;nl,0.00199600798403194
commit2,silence,TAIL,ARROW,FALSE,FALSE,pd;nl,0.473053892215569
commit2,nv-file2,TAIL,ARROW,FALSE,FALSE,dd;nl,0.00199600798403194
commit2,nv-mis_link,TAIL,ARROW,FALSE,FALSE,dd;nl,0.00199600798403194
commit2,file2,TAIL,ARROW,FALSE,FALSE,pd;nl,1
commit2,nv-b_104180,TAIL,ARROW,FALSE,FALSE,dd;nl,0.00598802395209581
commit2,churn,TAIL,ARROW,FALSE,FALSE,pd;nl,0.956087824351297
commit2,commit,TAIL,ARROW,FALSE,FALSE,dd;nl,1
commit2,b_191549,TAIL,ARROW,FALSE,FALSE,dd;nl,0.0459081836327345
commit2,b_201967,TAIL,ARROW,FALSE,FALSE,dd;nl,0.0399201596806387
commit2,b_180739,TAIL,ARROW,FALSE,FALSE,dd;nl,0.0459081836327345
commit2,b_191547,TAIL,ARROW,FALSE,FALSE,dd;nl,0.00598802395209581
commit2,b_180735,TAIL,ARROW,FALSE,FALSE,pd;nl,0.0239520958083832
commit2,b_180737,TAIL,ARROW,FALSE,FALSE,dd;nl,0.0459081836327345
commit2,b_180732,TAIL,ARROW,FALSE,FALSE,dd;nl,0.0419161676646707
commit2,b_180734,TAIL,ARROW,FALSE,FALSE,dd;nl,0.0459081836327345
commit2,b_166304,TAIL,ARROW,FALSE,FALSE,dd;nl,0.00199600798403194
commit2,b_173733,TAIL,ARROW,FALSE,FALSE,dd;nl,0.00598802395209581
commit2,b_166302,TAIL,ARROW,FALSE,FALSE,dd;nl,0.00399201596806387
commit2,b_166303,TAIL,ARROW,FALSE,FALSE,dd;nl,0.00399201596806387
commit2,b_162181,TAIL,ARROW,FALSE,FALSE,dd;nl,0.00399201596806387
commit2,b_162182,TAIL,ARROW,FALSE,FALSE,dd;nl,0.00199600798403194
commit2,b_150287,TAIL,ARROW,FALSE,FALSE,dd;nl,0.00199600798403194
commit2,b_162179,TAIL,ARROW,FALSE,FALSE,dd;nl,0.00399201596806387
commit2,b_143508,TAIL,ARROW,FALSE,FALSE,dd;nl,0.00399201596806387
commit2,b_150208,TAIL,ARROW,FALSE,FALSE,dd;nl,0.00199600798403194
commit2,b_120027,TAIL,ARROW,FALSE,FALSE,dd;nl,0.0179640718562874
commit2,b_143470,TAIL,ARROW,FALSE,FALSE,dd;nl,0.00199600798403194
commit2,b_104180,TAIL,ARROW,FALSE,FALSE,dd;nl,0.00399201596806387
commit2,b_114577,TAIL,ARROW,FALSE,FALSE,dd;nl,0.0179640718562874
commit,silence,TAIL,ARROW,FALSE,FALSE,pd;nl,0.834331337325349
commit,silence2,TAIL,ARROW,FALSE,FALSE,pd;pl,0.477045908183633
code_dev,thread,TAIL,ARROW,FALSE,FALSE,pd;nl,0.592814371257485
code_dev,silence2,TAIL,ARROW,FALSE,FALSE,pd;pl,0.502994011976048
code_dev,start,TAIL,ARROW,FALSE,FALSE,pd;nl,0.816367265469062
code_dev,nv-start,TAIL,ARROW,FALSE,FALSE,pd;pl,0.00199600798403194
code_dev,silence,TAIL,ARROW,FALSE,FALSE,pd;nl,0.153692614770459
code_dev,nv-silence2,TAIL,ARROW,FALSE,FALSE,pd;pl,0.00199600798403194
code_dev,nv-mail_dev2,TAIL,TAIL,FALSE,FALSE,"",0.00399201596806387
code_dev,nv-mis_link,TAIL,ARROW,FALSE,FALSE,dd;nl,0.00998003992015968
code_dev,nv-churn,TAIL,ARROW,FALSE,FALSE,dd;nl,0.00399201596806387
code_dev,nv-b_102939,TAIL,ARROW,FALSE,FALSE,dd;nl,0.00399201596806387
code_dev,mis_link2,TAIL,ARROW,FALSE,FALSE,dd;nl,0.724550898203593
code_dev,mis_link,TAIL,ARROW,FALSE,FALSE,pd;pl,1
code_dev,mail_dev,TAIL,ARROW,FALSE,FALSE,pd;pl,0.670658682634731
code_dev,file2,TAIL,ARROW,FALSE,FALSE,pd;pl,0.994011976047904
code_dev,file,TAIL,ARROW,FALSE,FALSE,pd;pl,0.878243512974052
code_dev,commit2,TAIL,ARROW,FALSE,FALSE,pd;pl,0.998003992015968
code_dev,code_dev2,TAIL,ARROW,FALSE,FALSE,pd;pl,0.998003992015968
code_dev,commit,TAIL,ARROW,FALSE,FALSE,pd;pl,0.912175648702595
code_dev,mail_dev2,TAIL,ARROW,FALSE,FALSE,pd;nl,0.277445109780439
code_dev2,b_114577,TAIL,ARROW,FALSE,FALSE,dd;nl,0.0119760479041916
code_dev2,b_122333,TAIL,ARROW,FALSE,FALSE,dd;nl,0.00598802395209581
code_dev2,b_134353,TAIL,ARROW,FALSE,FALSE,dd;nl,0.00199600798403194
code_dev2,b_130166,TAIL,ARROW,FALSE,FALSE,dd;nl,0.00598802395209581
code_dev2,b_122110,TAIL,TAIL,FALSE,FALSE,"",0.00199600798403194
code_dev2,b_120027,TAIL,ARROW,FALSE,FALSE,dd;nl,0.00598802395209581
code_dev2,b_143505,TAIL,ARROW,FALSE,FALSE,dd;nl,0.00399201596806387
code_dev2,b_143509,TAIL,ARROW,FALSE,FALSE,dd;nl,0.00199600798403194
code_dev2,b_140076,TAIL,ARROW,FALSE,FALSE,dd;nl,0.00199600798403194
code_dev2,b_136450,TAIL,ARROW,FALSE,FALSE,dd;nl,0.00199600798403194
code_dev2,b_162107,TAIL,ARROW,FALSE,FALSE,pd;nl,0.0459081836327345
code_dev2,b_162108,TAIL,ARROW,FALSE,FALSE,dd;nl,0.00199600798403194
code_dev2,b_162106,TAIL,ARROW,FALSE,FALSE,dd;nl,0.00199600798403194
code_dev2,b_160798,TAIL,ARROW,FALSE,FALSE,dd;nl,0.00199600798403194
code_dev2,b_162179,TAIL,ARROW,FALSE,FALSE,dd;nl,0.00199600798403194
code_dev2,b_162182,TAIL,ARROW,FALSE,FALSE,dd;nl,0.00199600798403194
code_dev2,b_162178,TAIL,ARROW,FALSE,FALSE,dd;nl,0.00199600798403194
code_dev2,b_162176,TAIL,ARROW,FALSE,FALSE,dd;nl,0.00199600798403194
code_dev2,b_173733,TAIL,ARROW,FALSE,FALSE,dd;nl,0.00399201596806387
code_dev2,b_180732,TAIL,ARROW,FALSE,FALSE,dd;nl,0.0259481037924152
code_dev2,b_166304,TAIL,ARROW,FALSE,FALSE,dd;nl,0.00199600798403194
code_dev2,b_166302,TAIL,ARROW,FALSE,FALSE,dd;nl,0.00399201596806387
code_dev2,b_180737,TAIL,ARROW,FALSE,FALSE,dd;nl,0.0399201596806387
code_dev2,b_180739,TAIL,ARROW,FALSE,FALSE,dd;nl,0.0259481037924152
code_dev2,b_180735,TAIL,ARROW,FALSE,FALSE,dd;nl,0.0259481037924152
code_dev2,b_180734,TAIL,ARROW,FALSE,FALSE,dd;nl,0.0279441117764471
code_dev2,b_201967,TAIL,ARROW,FALSE,FALSE,dd;nl,0.031936127744511
code_dev2,churn,TAIL,ARROW,FALSE,FALSE,pd;nl,0.722554890219561
code_dev2,b_191549,TAIL,ARROW,FALSE,FALSE,dd;nl,0.029940119760479
code_dev2,b_191547,TAIL,ARROW,FALSE,FALSE,dd;nl,0.031936127744511
code_dev2,commit2,TAIL,ARROW,FALSE,FALSE,pd;nl,0.946107784431138
code_dev2,file,TAIL,ARROW,FALSE,FALSE,pd;nl,0.644710578842315
code_dev2,commit,TAIL,ARROW,FALSE,FALSE,pd;nl,0.834331337325349
code_dev2,churn2,TAIL,ARROW,FALSE,FALSE,pd;nl,1
code_dev2,nv-b_100433,TAIL,ARROW,FALSE,FALSE,dd;pl,0.00998003992015968
code_dev2,nv-b_100742,TAIL,ARROW,FALSE,FALSE,dd;nl,0.00199600798403194
code_dev2,nv-code_dev,TAIL,ARROW,FALSE,FALSE,dd;nl,0.00798403193612774
code_dev2,nv-mail_dev,TAIL,ARROW,FALSE,FALSE,dd;nl,0.00798403193612774
code_dev2,nv-mis_link,TAIL,ARROW,FALSE,FALSE,dd;nl,0.0279441117764471
code_dev2,nv-silence,TAIL,ARROW,FALSE,FALSE,dd;nl,0.00998003992015968
code_dev2,nv-silence2,TAIL,ARROW,FALSE,FALSE,dd;nl,0.0758483033932136
code_dev2,silence,TAIL,ARROW,FALSE,FALSE,pd;nl,0.994011976047904
code_dev2,silence2,TAIL,ARROW,FALSE,FALSE,pd;nl,0.215568862275449
code_dev2,start,TAIL,ARROW,FALSE,FALSE,pd;pl,0.0419161676646707
code_dev2,thread,TAIL,ARROW,FALSE,FALSE,dd;nl,0.738522954091816
code_dev2,thread2,TAIL,ARROW,FALSE,FALSE,pd;nl,0.888223552894212
commit,b_114577,TAIL,ARROW,FALSE,FALSE,dd;nl,0.0339321357285429
commit,b_134353,TAIL,ARROW,FALSE,FALSE,dd;nl,0.00199600798403194
commit,b_120027,TAIL,ARROW,FALSE,FALSE,dd;nl,0.0199600798403194
commit,b_143511,TAIL,ARROW,FALSE,FALSE,dd;nl,0.00199600798403194
commit,b_160705,TAIL,ARROW,FALSE,FALSE,dd;nl,0.00199600798403194
commit,b_150208,TAIL,ARROW,FALSE,FALSE,dd;nl,0.0119760479041916
commit,b_162107,TAIL,ARROW,FALSE,FALSE,pd;nl,0.00798403193612774
commit,b_162109,TAIL,ARROW,FALSE,FALSE,dd;nl,0.00199600798403194
commit,b_162181,TAIL,ARROW,FALSE,FALSE,dd;nl,0.00199600798403194
commit,b_173733,TAIL,ARROW,FALSE,FALSE,dd;nl,0.00199600798403194
commit,b_180732,TAIL,ARROW,FALSE,FALSE,dd;nl,0.0598802395209581
commit,b_180734,TAIL,ARROW,FALSE,FALSE,dd;nl,0.029940119760479
commit,b_180735,TAIL,ARROW,FALSE,FALSE,dd;nl,0.0119760479041916
commit,b_180737,TAIL,ARROW,FALSE,FALSE,dd;nl,0.0538922155688623
commit,b_180739,TAIL,ARROW,FALSE,FALSE,dd;nl,0.0518962075848303
commit,b_191547,TAIL,ARROW,FALSE,FALSE,pd;pl,0.0159680638722555
commit,b_191549,TAIL,ARROW,FALSE,FALSE,dd;nl,0.0499001996007984
commit,b_201967,TAIL,ARROW,FALSE,FALSE,dd;nl,0.0558882235528942
commit,churn,TAIL,ARROW,FALSE,FALSE,pd;nl,1
commit,churn2,TAIL,ARROW,FALSE,FALSE,pd;pl,0.199600798403194
commit,file,TAIL,ARROW,FALSE,FALSE,dd;nl,1
commit,file2,TAIL,ARROW,FALSE,FALSE,pd;nl,0.728542914171657
commit,nv-churn2,TAIL,ARROW,FALSE,FALSE,dd;nl,0.00199600798403194
commit,nv-mis_link2,TAIL,ARROW,FALSE,FALSE,dd;nl,0.00199600798403194
code_dev2,mail_dev2,TAIL,ARROW,FALSE,FALSE,pd;nl,0.0219560878243513
code_dev2,file2,TAIL,ARROW,FALSE,FALSE,pd;nl,0.221556886227545
commit,nv-thread2,TAIL,ARROW,FALSE,FALSE,dd;nl,0.00798403193612774
nv-b_100742,b_191549,TAIL,ARROW,FALSE,FALSE,pd;nl,0.125748502994012
nv-b_100742,nv-code_dev,TAIL,ARROW,FALSE,FALSE,dd;nl,0.00399201596806387
nv-b_100742,nv-commit,TAIL,ARROW,FALSE,FALSE,dd;nl,0.00199600798403194
nv-b_100433,nv-commit2,TAIL,ARROW,FALSE,FALSE,dd;nl,0.00798403193612774
mis_link2,thread,TAIL,ARROW,FALSE,FALSE,pd;pl,0.163672654690619
mis_link2,thread2,TAIL,ARROW,FALSE,FALSE,pd;pl,0.818363273453094
nv-b_100433,nv-churn2,TAIL,ARROW,FALSE,FALSE,dd;nl,0.00199600798403194
mis_link2,start,TAIL,ARROW,FALSE,FALSE,dd;pl,0.998003992015968
mis_link2,silence2,TAIL,ARROW,FALSE,FALSE,pd;pl,1
mis_link2,nv-thread,TAIL,TAIL,FALSE,FALSE,"",0.00399201596806387
mis_link2,silence,TAIL,ARROW,FALSE,FALSE,pd;pl,0.884231536926148
mis_link2,nv-file,TAIL,ARROW,FALSE,FALSE,dd;nl,0.00199600798403194
mis_link2,nv-code_dev,TAIL,ARROW,FALSE,FALSE,dd;nl,0.00199600798403194
mis_link2,nv-b_100433,TAIL,ARROW,FALSE,FALSE,dd;nl,0.00199600798403194
mis_link2,nv-b_100742,TAIL,ARROW,FALSE,FALSE,dd;pl,0.00998003992015968
mis_link2,mis_link,TAIL,ARROW,FALSE,FALSE,pd;pl,1
mis_link2,mail_dev,TAIL,ARROW,FALSE,FALSE,pd;pl,0.63872255489022
mis_link2,mail_dev2,TAIL,ARROW,FALSE,FALSE,pd;pl,1
mis_link2,file2,TAIL,ARROW,FALSE,FALSE,pd;pl,0.766467065868264
mis_link2,file,TAIL,ARROW,FALSE,FALSE,pd;pl,0.808383233532934
mis_link2,commit,TAIL,ARROW,FALSE,FALSE,pd;pl,0.708582834331337
mis_link2,commit2,TAIL,ARROW,FALSE,FALSE,pd;pl,1
mis_link2,code_dev2,TAIL,ARROW,FALSE,FALSE,pd;pl,1
mis_link,b_180737,TAIL,ARROW,FALSE,FALSE,dd;nl,0.00598802395209581
mis_link,b_191547,TAIL,ARROW,FALSE,FALSE,dd;nl,0.0419161676646707
mis_link,b_191549,TAIL,ARROW,FALSE,FALSE,dd;nl,0.00598802395209581
mis_link,b_201967,TAIL,ARROW,FALSE,FALSE,pd;pl,0.0239520958083832
mis_link,churn,TAIL,ARROW,FALSE,FALSE,pd;nl,0.812375249500998
mis_link,churn2,TAIL,ARROW,FALSE,FALSE,pd;nl,0.942115768463074
mis_link,code_dev2,TAIL,ARROW,FALSE,FALSE,dd;nl,0.802395209580838
mis_link,commit,TAIL,ARROW,FALSE,FALSE,pd;nl,0.473053892215569
mis_link,commit2,TAIL,ARROW,FALSE,FALSE,pd;nl,0.614770459081836
mis_link,file,TAIL,ARROW,FALSE,FALSE,pd;nl,0.966067864271457
mis_link,file2,TAIL,ARROW,FALSE,FALSE,pd;nl,0.988023952095808
mis_link,mail_dev,TAIL,ARROW,FALSE,FALSE,dd;nl,0.838323353293413
mis_link,mail_dev2,TAIL,ARROW,FALSE,FALSE,pd;nl,0.830339321357285
mis_link,nv-b_102939,TAIL,ARROW,FALSE,FALSE,pd;nl,0.00598802395209581
mis_link,nv-churn,TAIL,ARROW,FALSE,FALSE,dd;nl,0.00598802395209581
mis_link,nv-file,TAIL,ARROW,FALSE,FALSE,dd;nl,0.00399201596806387
mis_link,nv-mail_dev,TAIL,ARROW,FALSE,FALSE,dd;nl,0.0159680638722555
mis_link,silence,TAIL,ARROW,FALSE,FALSE,pd;nl,0.00598802395209581
mis_link,silence2,TAIL,ARROW,FALSE,FALSE,pd;nl,0.998003992015968
mis_link,start,TAIL,ARROW,FALSE,FALSE,pd;nl,0.99001996007984
mis_link,thread,TAIL,ARROW,FALSE,FALSE,pd;nl,0.982035928143713
mis_link,thread2,TAIL,ARROW,FALSE,FALSE,pd;pl,0.427145708582834
mis_link2,b_103864,TAIL,TAIL,FALSE,FALSE,"",0.00199600798403194
mis_link2,b_114109,TAIL,ARROW,FALSE,FALSE,dd;nl,0.00199600798403194
mis_link2,b_114576,TAIL,TAIL,FALSE,FALSE,"",0.00199600798403194
mis_link2,b_120884,TAIL,ARROW,FALSE,FALSE,dd;nl,0.00199600798403194
mis_link2,b_122110,TAIL,ARROW,FALSE,FALSE,dd;nl,0.00798403193612774
mis_link2,b_134353,TAIL,ARROW,FALSE,FALSE,dd;nl,0.00199600798403194
mis_link2,b_143470,TAIL,ARROW,FALSE,FALSE,dd;nl,0.00199600798403194
mis_link2,b_148275,TAIL,ARROW,FALSE,FALSE,dd;nl,0.00199600798403194
mis_link2,b_160702,TAIL,ARROW,FALSE,FALSE,dd;nl,0.00199600798403194
mis_link2,b_162107,TAIL,ARROW,FALSE,FALSE,dd;nl,0.0239520958083832
mis_link2,b_162108,TAIL,ARROW,FALSE,FALSE,dd;nl,0.00199600798403194
mis_link2,b_162109,TAIL,ARROW,FALSE,FALSE,dd;nl,0.00199600798403194
mis_link2,b_162176,TAIL,TAIL,FALSE,FALSE,"",0.00199600798403194
mis_link2,b_162178,TAIL,TAIL,FALSE,FALSE,"",0.00998003992015968
mis_link2,b_162179,TAIL,ARROW,FALSE,FALSE,dd;nl,0.00998003992015968
mis_link2,b_162180,TAIL,TAIL,FALSE,FALSE,"",0.00199600798403194
mis_link2,b_162181,TAIL,ARROW,FALSE,FALSE,dd;nl,0.00399201596806387
mis_link2,b_162182,TAIL,ARROW,FALSE,FALSE,dd;nl,0.00399201596806387
mis_link2,b_166302,TAIL,ARROW,FALSE,FALSE,dd;nl,0.00399201596806387
mis_link2,b_166304,TAIL,TAIL,FALSE,FALSE,"",0.00199600798403194
mis_link2,b_167053,TAIL,ARROW,FALSE,FALSE,dd;pl,0.0499001996007984
mis_link2,b_173731,TAIL,ARROW,FALSE,FALSE,dd;nl,0.0159680638722555
mis_link2,b_173733,TAIL,TAIL,FALSE,FALSE,"",0.00399201596806387
mis_link2,b_180732,TAIL,ARROW,FALSE,FALSE,pd;nl,0.00199600798403194
mis_link2,b_180735,TAIL,ARROW,FALSE,FALSE,dd;nl,0.0339321357285429
mis_link2,b_180734,TAIL,ARROW,FALSE,FALSE,dd;nl,0.0159680638722555
mis_link2,b_180737,TAIL,ARROW,FALSE,FALSE,dd;nl,0.00798403193612774
mis_link2,b_180739,TAIL,ARROW,FALSE,FALSE,dd;nl,0.00798403193612774
mis_link2,b_191547,TAIL,ARROW,FALSE,FALSE,dd;nl,0.0239520958083832
mis_link2,b_201967,TAIL,ARROW,FALSE,FALSE,dd;nl,0.00199600798403194
mis_link2,churn,TAIL,ARROW,FALSE,FALSE,pd;pl,0.864271457085828
mis_link2,churn2,TAIL,ARROW,FALSE,FALSE,pd;pl,0.936127744510978
nv-b_100433,nv-file2,TAIL,ARROW,FALSE,FALSE,dd;nl,0.137724550898204
nv-b_100433,nv-mis_link2,TAIL,ARROW,FALSE,FALSE,dd;nl,0.00199600798403194
nv-b_100740,mail_dev,TAIL,ARROW,FALSE,FALSE,dd;nl,0.00798403193612774
nv-b_100740,nv-churn2,TAIL,ARROW,FALSE,FALSE,dd;nl,0.0179640718562874
nv-b_100740,nv-commit2,TAIL,ARROW,FALSE,FALSE,dd;nl,0.0239520958083832
nv-b_100740,nv-b_100742,TAIL,ARROW,FALSE,FALSE,dd;nl,0.245508982035928
nv-b_100433,nv-thread2,TAIL,ARROW,FALSE,FALSE,dd;nl,0.0119760479041916
nv-b_100742,nv-mis_link,TAIL,ARROW,FALSE,FALSE,dd;nl,0.0139720558882236
nv-b_100742,nv-start,TAIL,ARROW,FALSE,FALSE,dd;nl,0.00199600798403194
nv-b_100742,nv-thread,TAIL,ARROW,FALSE,FALSE,dd;nl,0.00199600798403194
nv-b_102939,nv-thread,TAIL,ARROW,FALSE,FALSE,dd;nl,0.00399201596806387
nv-b_103864,nv-silence2,TAIL,ARROW,FALSE,FALSE,dd;nl,0.0119760479041916
nv-b_103864,mail_dev,TAIL,ARROW,FALSE,FALSE,dd;nl,0.00399201596806387
nv-b_103864,commit,TAIL,ARROW,FALSE,FALSE,dd;nl,0.0479041916167665
nv-b_100742,nv-commit2,TAIL,ARROW,FALSE,FALSE,dd;nl,0.00798403193612774
nv-thread,nv-mail_dev,TAIL,TAIL,FALSE,FALSE,"",0.031936127744511
nv-thread2,b_104180,TAIL,TAIL,FALSE,FALSE,"",0.00598802395209581
nv-thread,b_93245,TAIL,TAIL,FALSE,FALSE,"",0.00798403193612774
nv-thread,nv-code_dev2,TAIL,TAIL,FALSE,FALSE,"",0.0119760479041916
nv-thread,b_62940,TAIL,TAIL,FALSE,FALSE,"",0.00199600798403194
nv-thread,b_191547,TAIL,TAIL,FALSE,FALSE,"",0.0119760479041916
nv-thread,b_201967,TAIL,TAIL,FALSE,FALSE,"",0.00199600798403194
nv-thread,b_180739,TAIL,TAIL,FALSE,FALSE,"",0.00798403193612774
nv-thread,b_162182,TAIL,TAIL,FALSE,FALSE,"",0.00598802395209581
nv-thread,b_162106,TAIL,TAIL,FALSE,FALSE,"",0.00399201596806387
nv-thread,b_162109,TAIL,TAIL,FALSE,FALSE,"",0.0399201596806387
nv-thread,b_160798,TAIL,TAIL,FALSE,FALSE,"",0.00199600798403194
nv-thread,b_151791,TAIL,TAIL,FALSE,FALSE,"",0.00399201596806387
nv-thread,b_150287,TAIL,ARROW,FALSE,FALSE,dd;pl,0.00199600798403194
nv-thread,b_151790,TAIL,TAIL,FALSE,FALSE,"",0.00399201596806387
nv-thread,b_150209,TAIL,TAIL,FALSE,FALSE,"",0.0399201596806387
nv-thread,b_150205,TAIL,TAIL,FALSE,FALSE,"",0.00798403193612774
nv-thread,b_143567,TAIL,TAIL,FALSE,FALSE,"",0.00199600798403194
nv-thread,b_150204,TAIL,TAIL,FALSE,FALSE,"",0.0179640718562874
nv-thread,b_143513,TAIL,TAIL,FALSE,FALSE,"",0.00199600798403194
nv-thread,b_143470,TAIL,TAIL,FALSE,FALSE,"",0.0199600798403194
nv-thread,b_140195,TAIL,TAIL,FALSE,FALSE,"",0.00199600798403194
nv-thread,b_140224,TAIL,TAIL,FALSE,FALSE,"",0.00199600798403194
nv-thread,b_136450,TAIL,TAIL,FALSE,FALSE,"",0.00399201596806387
nv-thread,b_114576,TAIL,TAIL,FALSE,FALSE,"",0.00199600798403194
nv-start,start,TAIL,ARROW,FALSE,FALSE,dd;pl,0.00399201596806387
nv-start,nv-mis_link,TAIL,ARROW,FALSE,FALSE,dd;nl,0.00199600798403194
nv-start,mail_dev,TAIL,ARROW,FALSE,FALSE,dd;pl,0.00199600798403194
nv-start,b_201967,TAIL,TAIL,FALSE,FALSE,"",0.00199600798403194
nv-start,b_63738,TAIL,ARROW,FALSE,FALSE,dd;pl,0.0838323353293413
nv-start,b_180735,TAIL,TAIL,FALSE,FALSE,"",0.00598802395209581
nv-start,b_173731,TAIL,TAIL,FALSE,FALSE,"",0.00199600798403194
nv-start,b_162181,TAIL,TAIL,FALSE,FALSE,"",0.00598802395209581
nv-start,b_167053,TAIL,ARROW,FALSE,FALSE,dd;nl,0.00199600798403194
nv-start,b_162179,TAIL,TAIL,FALSE,FALSE,"",0.00199600798403194
nv-start,b_162176,TAIL,TAIL,FALSE,FALSE,"",0.00199600798403194
nv-start,b_151794,TAIL,TAIL,FALSE,FALSE,"",0.00199600798403194
nv-start,b_162106,TAIL,TAIL,FALSE,FALSE,"",0.00199600798403194
nv-start,b_151793,TAIL,TAIL,FALSE,FALSE,"",0.0199600798403194
nv-start,b_151788,TAIL,TAIL,FALSE,FALSE,"",0.00199600798403194
nv-start,b_150287,TAIL,ARROW,FALSE,FALSE,dd;pl,0.00199600798403194
nv-start,b_151787,TAIL,TAIL,FALSE,FALSE,"",0.00199600798403194
nv-start,b_150286,TAIL,TAIL,FALSE,FALSE,"",0.0179640718562874
nv-start,b_150205,TAIL,TAIL,FALSE,FALSE,"",0.00199600798403194
nv-start,b_143567,TAIL,TAIL,FALSE,FALSE,"",0.0219560878243513
nv-start,b_148275,TAIL,TAIL,FALSE,FALSE,"",0.00199600798403194
nv-start,b_143511,TAIL,TAIL,FALSE,FALSE,"",0.00199600798403194
nv-start,b_143508,TAIL,TAIL,FALSE,FALSE,"",0.00399201596806387
nv-start,b_140224,TAIL,TAIL,FALSE,FALSE,"",0.00199600798403194
nv-start,b_142970,TAIL,TAIL,FALSE,FALSE,"",0.00798403193612774
nv-start,b_140195,TAIL,TAIL,FALSE,FALSE,"",0.00598802395209581
nv-start,b_114619,TAIL,ARROW,FALSE,FALSE,dd;nl,0.00199600798403194
nv-silence2,nv-mis_link2,TAIL,ARROW,FALSE,FALSE,dd;nl,0.00598802395209581
nv-start,b_100433,TAIL,TAIL,FALSE,FALSE,"",0.0159680638722555
nv-silence2,nv-mis_link,TAIL,TAIL,FALSE,FALSE,"",0.00199600798403194
nv-silence2,nv-mail_dev,TAIL,TAIL,FALSE,FALSE,"",0.0159680638722555
nv-silence2,mis_link2,TAIL,ARROW,FALSE,FALSE,dd;pl,0.00199600798403194
nv-silence2,nv-commit,TAIL,ARROW,FALSE,FALSE,dd;pl,0.00598802395209581
nv-silence2,b_80891,TAIL,ARROW,FALSE,FALSE,dd;pl,0.00199600798403194
nv-silence2,b_64339,TAIL,ARROW,FALSE,FALSE,dd;pl,0.00199600798403194
nv-silence2,b_173733,TAIL,TAIL,FALSE,FALSE,"",0.00399201596806387
nv-silence2,b_180737,TAIL,TAIL,FALSE,FALSE,"",0.00598802395209581
nv-silence2,b_166303,TAIL,TAIL,FALSE,FALSE,"",0.0499001996007984
nv-silence2,b_160705,TAIL,TAIL,FALSE,FALSE,"",0.00199600798403194
nv-silence2,b_150291,TAIL,TAIL,FALSE,FALSE,"",0.00798403193612774
nv-silence2,b_151794,TAIL,TAIL,FALSE,FALSE,"",0.00199600798403194
nv-silence2,b_150290,TAIL,TAIL,FALSE,FALSE,"",0.00598802395209581
nv-silence2,b_143510,TAIL,TAIL,FALSE,FALSE,"",0.00598802395209581
nv-silence2,b_143470,TAIL,TAIL,FALSE,FALSE,"",0.00199600798403194
nv-silence2,b_143506,TAIL,TAIL,FALSE,FALSE,"",0.0439121756487026
nv-silence2,b_114619,TAIL,TAIL,FALSE,FALSE,"",0.00399201596806387
nv-silence2,b_114109,TAIL,ARROW,FALSE,FALSE,dd;pl,0.00199600798403194
nv-silence,nv-commit2,TAIL,ARROW,FALSE,FALSE,dd;pl,0.00199600798403194
nv-silence,nv-mis_link,TAIL,TAIL,FALSE,FALSE,"",0.00199600798403194
nv-silence,b_191547,TAIL,TAIL,FALSE,FALSE,"",0.0199600798403194
nv-silence,b_180739,TAIL,ARROW,FALSE,FALSE,dd;pl,0.00199600798403194
nv-silence,b_166303,TAIL,TAIL,FALSE,FALSE,"",0.00199600798403194
nv-silence,b_167053,TAIL,TAIL,FALSE,FALSE,"",0.00399201596806387
nv-silence,b_162181,TAIL,TAIL,FALSE,FALSE,"",0.00199600798403194
nv-silence,b_162179,TAIL,TAIL,FALSE,FALSE,"",0.00199600798403194
nv-silence,b_150290,TAIL,TAIL,FALSE,FALSE,"",0.00399201596806387
nv-silence,b_160702,TAIL,TAIL,FALSE,FALSE,"",0.00399201596806387
nv-silence,b_150287,TAIL,TAIL,FALSE,FALSE,"",0.0399201596806387
nv-silence,b_150209,TAIL,TAIL,FALSE,FALSE,"",0.0119760479041916
nv-silence,b_143572,TAIL,TAIL,FALSE,FALSE,"",0.00598802395209581
nv-silence,b_148275,TAIL,TAIL,FALSE,FALSE,"",0.0219560878243513
nv-silence,b_143570,TAIL,ARROW,FALSE,FALSE,dd;nl,0.00598802395209581
nv-silence,b_143513,TAIL,TAIL,FALSE,FALSE,"",0.00199600798403194
nv-silence,b_140160,TAIL,TAIL,FALSE,FALSE,"",0.0139720558882236
nv-silence,b_143510,TAIL,TAIL,FALSE,FALSE,"",0.0219560878243513
nv-silence,b_114577,TAIL,TAIL,FALSE,FALSE,"",0.00598802395209581
nv-silence,b_104180,TAIL,TAIL,FALSE,FALSE,"",0.0159680638722555
nv-silence,b_100742,TAIL,ARROW,FALSE,FALSE,dd;pl,0.00199600798403194
nv-silence,b_103864,TAIL,ARROW,FALSE,FALSE,dd;nl,0.00199600798403194
nv-silence,b_100740,TAIL,TAIL,FALSE,FALSE,"",0.193612774451098
nv-mis_link2,nv-file,TAIL,TAIL,FALSE,FALSE,"",0.00798403193612774
nv-mis_link2,nv-churn,TAIL,TAIL,FALSE,FALSE,"",0.00399201596806387
nv-mis_link2,nv-code_dev,TAIL,TAIL,FALSE,FALSE,"",0.00199600798403194
nv-mis_link2,b_191549,TAIL,TAIL,FALSE,FALSE,"",0.00399201596806387
nv-mis_link2,b_180734,TAIL,TAIL,FALSE,FALSE,"",0.00399201596806387
nv-mis_link2,b_173733,TAIL,TAIL,FALSE,FALSE,"",0.00998003992015968
nv-mis_link2,b_180732,TAIL,TAIL,FALSE,FALSE,"",0.0119760479041916
nv-mis_link2,b_167053,TAIL,ARROW,FALSE,FALSE,dd;nl,0.00798403193612774
nv-mis_link2,b_166302,TAIL,TAIL,FALSE,FALSE,"",0.0239520958083832
nv-mis_link2,b_151790,TAIL,TAIL,FALSE,FALSE,"",0.0179640718562874
nv-mis_link2,b_160799,TAIL,TAIL,FALSE,FALSE,"",0.00199600798403194
nv-mis_link2,b_151788,TAIL,TAIL,FALSE,FALSE,"",0.0159680638722555
nv-mis_link2,b_150285,TAIL,TAIL,FALSE,FALSE,"",0.00199600798403194
nv-mis_link2,b_150287,TAIL,TAIL,FALSE,FALSE,"",0.029940119760479
nv-mis_link2,b_143569,TAIL,TAIL,FALSE,FALSE,"",0.00199600798403194
nv-mis_link2,b_143509,TAIL,TAIL,FALSE,FALSE,"",0.00399201596806387
nv-mis_link2,b_140224,TAIL,TAIL,FALSE,FALSE,"",0.00399201596806387
nv-mis_link2,b_143507,TAIL,TAIL,FALSE,FALSE,"",0.00199600798403194
nv-mis_link2,b_140160,TAIL,TAIL,FALSE,FALSE,"",0.00598802395209581
nv-mis_link2,b_122110,TAIL,TAIL,FALSE,FALSE,"",0.00598802395209581
nv-mis_link2,b_113207,TAIL,TAIL,FALSE,FALSE,"",0.00798403193612774
nv-mis_link2,b_114109,TAIL,TAIL,FALSE,FALSE,"",0.00399201596806387
nv-mis_link2,b_103864,TAIL,TAIL,FALSE,FALSE,"",0.0119760479041916
nv-mis_link2,b_100433,TAIL,TAIL,FALSE,FALSE,"",0.00199600798403194
nv-mis_link,b_80891,TAIL,TAIL,FALSE,FALSE,"",0.00399201596806387
nv-mis_link,b_81672,TAIL,TAIL,FALSE,FALSE,"",0.00199600798403194
nv-mis_link,start,TAIL,ARROW,FALSE,FALSE,dd;pl,0.00199600798403194
nv-mis_link,b_191547,TAIL,TAIL,FALSE,FALSE,"",0.00199600798403194
nv-mis_link,b_180735,TAIL,ARROW,FALSE,FALSE,dd;pl,0.00598802395209581
nv-mis_link,b_166304,TAIL,TAIL,FALSE,FALSE,"",0.00199600798403194
nv-mis_link,b_173733,TAIL,TAIL,FALSE,FALSE,"",0.00399201596806387
nv-mis_link,b_166302,TAIL,TAIL,FALSE,FALSE,"",0.00199600798403194
nv-mis_link,b_162179,TAIL,TAIL,FALSE,FALSE,"",0.0499001996007984
nv-mis_link,b_162106,TAIL,TAIL,FALSE,FALSE,"",0.00199600798403194
nv-mis_link,b_162108,TAIL,TAIL,FALSE,FALSE,"",0.00199600798403194
nv-mis_link,b_151794,TAIL,TAIL,FALSE,FALSE,"",0.00399201596806387
nv-mis_link,b_151789,TAIL,TAIL,FALSE,FALSE,"",0.00199600798403194
nv-mis_link,b_150285,TAIL,TAIL,FALSE,FALSE,"",0.0159680638722555
nv-mis_link,b_150287,TAIL,TAIL,FALSE,FALSE,"",0.00399201596806387
nv-mis_link,b_150208,TAIL,TAIL,FALSE,FALSE,"",0.00998003992015968
nv-mis_link,b_150206,TAIL,TAIL,FALSE,FALSE,"",0.00798403193612774
nv-mis_link,b_143507,TAIL,TAIL,FALSE,FALSE,"",0.00798403193612774
nv-mis_link,b_143511,TAIL,TAIL,FALSE,FALSE,"",0.00199600798403194
nv-mis_link,b_143506,TAIL,TAIL,FALSE,FALSE,"",0.00199600798403194
nv-mis_link,b_140195,TAIL,TAIL,FALSE,FALSE,"",0.00399201596806387
nv-mis_link,b_114619,TAIL,TAIL,FALSE,FALSE,"",0.00598802395209581
nv-mis_link,b_122333,TAIL,TAIL,FALSE,FALSE,"",0.00399201596806387
nv-mis_link,b_114109,TAIL,ARROW,FALSE,FALSE,dd;pl,0.00199600798403194
nv-mis_link,b_102939,TAIL,TAIL,FALSE,FALSE,"",0.00598802395209581
nv-mail_dev2,nv-silence,TAIL,TAIL,FALSE,FALSE,"",0.111776447105788
nv-mail_dev2,nv-start,TAIL,TAIL,FALSE,FALSE,"",0.0139720558882236
nv-mail_dev2,nv-mis_link2,TAIL,TAIL,FALSE,FALSE,"",0.00199600798403194
nv-mail_dev2,nv-commit2,TAIL,ARROW,FALSE,FALSE,dd;pl,0.00199600798403194
nv-mail_dev2,b_62940,TAIL,TAIL,FALSE,FALSE,"",0.00199600798403194
nv-mail_dev2,b_93245,TAIL,TAIL,FALSE,FALSE,"",0.00199600798403194
nv-mail_dev2,b_180739,TAIL,TAIL,FALSE,FALSE,"",0.00199600798403194
nv-mail_dev2,b_167053,TAIL,TAIL,FALSE,FALSE,"",0.00199600798403194
nv-mail_dev2,b_162176,TAIL,TAIL,FALSE,FALSE,"",0.00998003992015968
nv-mail_dev2,b_166303,TAIL,TAIL,FALSE,FALSE,"",0.00199600798403194
nv-mail_dev2,b_162108,TAIL,TAIL,FALSE,FALSE,"",0.00199600798403194
nv-mail_dev2,b_160701,TAIL,TAIL,FALSE,FALSE,"",0.00199600798403194
nv-mail_dev2,b_150289,TAIL,TAIL,FALSE,FALSE,"",0.0179640718562874
nv-mail_dev2,b_151793,TAIL,TAIL,FALSE,FALSE,"",0.00199600798403194
nv-mail_dev2,b_150285,TAIL,TAIL,FALSE,FALSE,"",0.0119760479041916
nv-mail_dev2,b_148275,TAIL,TAIL,FALSE,FALSE,"",0.00798403193612774
nv-mail_dev2,b_143568,TAIL,TAIL,FALSE,FALSE,"",0.0379241516966068
nv-mail_dev2,b_143569,TAIL,TAIL,FALSE,FALSE,"",0.00199600798403194
nv-mail_dev2,b_143511,TAIL,TAIL,FALSE,FALSE,"",0.00199600798403194
nv-mail_dev2,b_143510,TAIL,TAIL,FALSE,FALSE,"",0.0179640718562874
nv-mail_dev2,b_140195,TAIL,TAIL,FALSE,FALSE,"",0.00399201596806387
nv-mail_dev2,b_140221,TAIL,ARROW,FALSE,FALSE,dd;pl,0.00399201596806387
nv-mail_dev2,b_140160,TAIL,TAIL,FALSE,FALSE,"",0.00199600798403194
nv-mail_dev2,b_140076,TAIL,TAIL,FALSE,FALSE,"",0.00399201596806387
nv-mail_dev2,b_114619,TAIL,TAIL,FALSE,FALSE,"",0.031936127744511
nv-mail_dev2,b_130166,TAIL,TAIL,FALSE,FALSE,"",0.029940119760479
nv-mail_dev2,b_114577,TAIL,TAIL,FALSE,FALSE,"",0.00199600798403194
nv-mail_dev2,b_104180,TAIL,TAIL,FALSE,FALSE,"",0.00199600798403194
nv-mail_dev,nv-start,TAIL,TAIL,FALSE,FALSE,"",0.00399201596806387
nv-mail_dev2,b_103864,TAIL,TAIL,FALSE,FALSE,"",0.00199600798403194
nv-mail_dev,b_80891,TAIL,ARROW,FALSE,FALSE,dd;pl,0.00399201596806387
nv-mail_dev,nv-silence,TAIL,ARROW,FALSE,FALSE,dd;nl,0.00199600798403194
nv-b_104180,nv-mail_dev,TAIL,ARROW,FALSE,FALSE,dd;nl,0.0259481037924152
nv-b_104180,churn2,TAIL,ARROW,FALSE,FALSE,dd;nl,0.00199600798403194
nv-b_104180,mis_link,TAIL,ARROW,FALSE,FALSE,dd;nl,0.00199600798403194
nv-b_104180,nv-mis_link2,TAIL,ARROW,FALSE,FALSE,dd;nl,0.00399201596806387
nv-b_104180,nv-thread,TAIL,ARROW,FALSE,FALSE,dd;nl,0.00199600798403194
nv-churn,b_100740,TAIL,TAIL,FALSE,FALSE,"",0.0179640718562874
nv-churn,b_102939,TAIL,TAIL,FALSE,FALSE,"",0.00399201596806387
nv-b_104180,nv-thread2,TAIL,ARROW,FALSE,FALSE,dd;nl,0.00199600798403194
nv-churn,b_140076,TAIL,TAIL,FALSE,FALSE,"",0.00199600798403194
nv-churn,b_140221,TAIL,TAIL,FALSE,FALSE,"",0.0159680638722555
nv-churn,b_122333,TAIL,TAIL,FALSE,FALSE,"",0.0159680638722555
nv-churn,b_122110,TAIL,TAIL,FALSE,FALSE,"",0.0179640718562874
nv-churn,b_143570,TAIL,TAIL,FALSE,FALSE,"",0.00798403193612774
nv-churn,b_150285,TAIL,TAIL,FALSE,FALSE,"",0.00199600798403194
nv-churn,b_143506,TAIL,TAIL,FALSE,FALSE,"",0.00798403193612774
nv-churn,b_142970,TAIL,TAIL,FALSE,FALSE,"",0.00998003992015968
nv-churn,b_160799,TAIL,TAIL,FALSE,FALSE,"",0.00598802395209581
nv-churn,b_162178,TAIL,TAIL,FALSE,FALSE,"",0.00199600798403194
nv-churn,b_151791,TAIL,TAIL,FALSE,FALSE,"",0.00399201596806387
nv-churn,b_150288,TAIL,TAIL,FALSE,FALSE,"",0.00199600798403194
nv-churn,b_191549,TAIL,TAIL,FALSE,FALSE,"",0.00598802395209581
nv-churn,b_62937,TAIL,TAIL,FALSE,FALSE,"",0.00199600798403194
nv-churn,b_162182,TAIL,TAIL,FALSE,FALSE,"",0.00399201596806387
nv-churn,b_162181,TAIL,TAIL,FALSE,FALSE,"",0.00199600798403194
nv-churn,nv-commit,TAIL,TAIL,FALSE,FALSE,"",0.00199600798403194
nv-churn,nv-mail_dev,TAIL,TAIL,FALSE,FALSE,"",0.0379241516966068
nv-churn,nv-code_dev,TAIL,TAIL,FALSE,FALSE,"",0.00199600798403194
nv-churn,b_63738,TAIL,TAIL,FALSE,FALSE,"",0.00998003992015968
nv-churn,nv-start,TAIL,ARROW,FALSE,FALSE,dd;pl,0.00199600798403194
nv-churn2,b_100740,TAIL,TAIL,FALSE,FALSE,"",0.0239520958083832
nv-churn,nv-silence,TAIL,ARROW,FALSE,FALSE,dd;pl,0.00199600798403194
nv-churn,nv-mail_dev2,TAIL,ARROW,FALSE,FALSE,dd;pl,0.00598802395209581
nv-churn2,b_143470,TAIL,TAIL,FALSE,FALSE,"",0.00798403193612774
nv-churn2,b_143509,TAIL,TAIL,FALSE,FALSE,"",0.031936127744511
nv-churn2,b_136450,TAIL,TAIL,FALSE,FALSE,"",0.0199600798403194
nv-churn2,b_114576,TAIL,TAIL,FALSE,FALSE,"",0.00199600798403194
nv-churn2,b_150204,TAIL,TAIL,FALSE,FALSE,"",0.00399201596806387
nv-churn2,b_150287,TAIL,TAIL,FALSE,FALSE,"",0.00199600798403194
nv-churn2,b_143572,TAIL,TAIL,FALSE,FALSE,"",0.00199600798403194
nv-churn2,b_143513,TAIL,TAIL,FALSE,FALSE,"",0.00598802395209581
nv-churn2,b_162109,TAIL,TAIL,FALSE,FALSE,"",0.00798403193612774
nv-churn2,b_166302,TAIL,TAIL,FALSE,FALSE,"",0.00199600798403194
nv-churn2,b_162108,TAIL,TAIL,FALSE,FALSE,"",0.00399201596806387
nv-churn2,b_160701,TAIL,TAIL,FALSE,FALSE,"",0.00598802395209581
nv-churn2,b_180735,TAIL,ARROW,FALSE,FALSE,dd;nl,0.00598802395209581
nv-churn2,nv-churn,TAIL,TAIL,FALSE,FALSE,"",0.00399201596806387
nv-churn2,b_167053,TAIL,TAIL,FALSE,FALSE,"",0.00399201596806387
nv-churn2,b_166303,TAIL,TAIL,FALSE,FALSE,"",0.00798403193612774
nv-churn2,nv-commit,TAIL,TAIL,FALSE,FALSE,"",0.00199600798403194
nv-churn2,nv-commit2,TAIL,TAIL,FALSE,FALSE,"",0.06187624750499
nv-churn2,nv-code_dev2,TAIL,ARROW,FALSE,FALSE,dd;nl,0.00199600798403194
nv-churn2,nv-mis_link,TAIL,ARROW,FALSE,FALSE,dd;pl,0.00199600798403194
nv-churn2,nv-start,TAIL,ARROW,FALSE,FALSE,dd;pl,0.00199600798403194
nv-churn2,nv-file2,TAIL,TAIL,FALSE,FALSE,"",0.00598802395209581
nv-churn2,nv-file,TAIL,TAIL,FALSE,FALSE,"",0.00598802395209581
nv-code_dev,b_102939,TAIL,TAIL,FALSE,FALSE,"",0.00998003992015968
nv-code_dev,b_114619,TAIL,TAIL,FALSE,FALSE,"",0.00199600798403194
nv-churn2,start,TAIL,ARROW,FALSE,FALSE,dd;pl,0.0578842315369261
nv-churn2,nv-thread,TAIL,TAIL,FALSE,FALSE,"",0.00199600798403194
nv-code_dev,b_142970,TAIL,TAIL,FALSE,FALSE,"",0.00798403193612774
nv-code_dev,b_143505,TAIL,TAIL,FALSE,FALSE,"",0.00399201596806387
nv-code_dev,b_140224,TAIL,TAIL,FALSE,FALSE,"",0.0239520958083832
nv-code_dev,b_140076,TAIL,TAIL,FALSE,FALSE,"",0.00199600798403194
nv-code_dev,b_143569,TAIL,TAIL,FALSE,FALSE,"",0.00399201596806387
nv-code_dev,b_150205,TAIL,TAIL,FALSE,FALSE,"",0.029940119760479
nv-code_dev,b_143567,TAIL,TAIL,FALSE,FALSE,"",0.00199600798403194
nv-code_dev,b_143507,TAIL,TAIL,FALSE,FALSE,"",0.0958083832335329
nv-code_dev,b_151788,TAIL,TAIL,FALSE,FALSE,"",0.00998003992015968
nv-code_dev,b_151791,TAIL,TAIL,FALSE,FALSE,"",0.00199600798403194
nv-code_dev,b_150286,TAIL,TAIL,FALSE,FALSE,"",0.031936127744511
nv-code_dev,b_150285,TAIL,ARROW,FALSE,FALSE,dd;nl,0.00199600798403194
nv-code_dev,b_162178,TAIL,TAIL,FALSE,FALSE,"",0.0279441117764471
nv-code_dev,b_166302,TAIL,TAIL,FALSE,FALSE,"",0.00199600798403194
nv-code_dev,b_160797,TAIL,TAIL,FALSE,FALSE,"",0.0139720558882236
nv-code_dev,b_151794,TAIL,TAIL,FALSE,FALSE,"",0.00798403193612774
nv-code_dev,b_173731,TAIL,TAIL,FALSE,FALSE,"",0.00998003992015968
nv-code_dev,b_63738,TAIL,TAIL,FALSE,FALSE,"",0.00998003992015968
nv-code_dev,b_167053,TAIL,TAIL,FALSE,FALSE,"",0.137724550898204
nv-code_dev,b_166304,TAIL,TAIL,FALSE,FALSE,"",0.00399201596806387
nv-code_dev,nv-mis_link,TAIL,TAIL,FALSE,FALSE,"",0.00199600798403194
nv-code_dev,nv-silence,TAIL,TAIL,FALSE,FALSE,"",0.00598802395209581
nv-code_dev,nv-commit,TAIL,ARROW,FALSE,FALSE,dd;pl,0.00199600798403194
nv-code_dev,file,TAIL,ARROW,FALSE,FALSE,dd;pl,0.00199600798403194
nv-code_dev2,b_114619,TAIL,TAIL,FALSE,FALSE,"",0.00998003992015968
nv-code_dev2,b_120884,TAIL,TAIL,FALSE,FALSE,"",0.00798403193612774
nv-code_dev2,b_114109,TAIL,TAIL,FALSE,FALSE,"",0.00199600798403194
nv-code_dev2,b_102939,TAIL,TAIL,FALSE,FALSE,"",0.00199600798403194
nv-code_dev2,b_140076,TAIL,TAIL,FALSE,FALSE,"",0.00399201596806387
nv-code_dev2,b_143506,TAIL,TAIL,FALSE,FALSE,"",0.00399201596806387
nv-code_dev2,b_136450,TAIL,TAIL,FALSE,FALSE,"",0.00199600798403194
nv-code_dev2,b_130166,TAIL,TAIL,FALSE,FALSE,"",0.00798403193612774
nv-code_dev2,b_150209,TAIL,TAIL,FALSE,FALSE,"",0.00199600798403194
nv-code_dev2,b_150287,TAIL,TAIL,FALSE,FALSE,"",0.0399201596806387
nv-code_dev2,b_143568,TAIL,TAIL,FALSE,FALSE,"",0.00199600798403194
nv-code_dev2,b_143508,TAIL,TAIL,FALSE,FALSE,"",0.00199600798403194
nv-code_dev2,b_160702,TAIL,TAIL,FALSE,FALSE,"",0.00399201596806387
nv-code_dev2,b_160797,TAIL,TAIL,FALSE,FALSE,"",0.00199600798403194
nv-code_dev2,b_151794,TAIL,TAIL,FALSE,FALSE,"",0.00199600798403194
nv-code_dev2,b_151788,TAIL,TAIL,FALSE,FALSE,"",0.031936127744511
nv-code_dev2,b_166302,TAIL,TAIL,FALSE,FALSE,"",0.00399201596806387
nv-code_dev2,b_180732,TAIL,TAIL,FALSE,FALSE,"",0.0119760479041916
nv-code_dev2,b_162182,TAIL,TAIL,FALSE,FALSE,"",0.0119760479041916
nv-code_dev2,b_162178,TAIL,TAIL,FALSE,FALSE,"",0.00798403193612774
nv-code_dev2,b_62937,TAIL,TAIL,FALSE,FALSE,"",0.00199600798403194
nv-code_dev2,b_62940,TAIL,TAIL,FALSE,FALSE,"",0.00199600798403194
nv-code_dev2,b_201967,TAIL,TAIL,FALSE,FALSE,"",0.00199600798403194
nv-code_dev2,b_191549,TAIL,TAIL,FALSE,FALSE,"",0.00399201596806387
nv-code_dev2,nv-b_103864,TAIL,ARROW,FALSE,FALSE,dd;pl,0.00199600798403194
nv-code_dev2,nv-churn,TAIL,TAIL,FALSE,FALSE,"",0.00199600798403194
nv-code_dev2,b_93245,TAIL,TAIL,FALSE,FALSE,"",0.0139720558882236
nv-code_dev2,b_81672,TAIL,ARROW,FALSE,FALSE,dd;pl,0.00199600798403194
nv-commit,b_100433,TAIL,TAIL,FALSE,FALSE,"",0.00399201596806387
nv-commit,b_103864,TAIL,TAIL,FALSE,FALSE,"",0.00199600798403194
nv-code_dev2,nv-thread2,TAIL,TAIL,FALSE,FALSE,"",0.00199600798403194
nv-code_dev2,silence,TAIL,ARROW,FALSE,FALSE,dd;nl,0.00598802395209581
nv-code_dev2,nv-commit,TAIL,TAIL,FALSE,FALSE,"",0.00399201596806387
nv-commit,b_114109,TAIL,TAIL,FALSE,FALSE,"",0.00199600798403194
nv-commit,b_120027,TAIL,TAIL,FALSE,FALSE,"",0.00199600798403194
nv-commit,b_113207,TAIL,TAIL,FALSE,FALSE,"",0.00199600798403194
nv-commit,b_104180,TAIL,TAIL,FALSE,FALSE,"",0.00199600798403194
nv-commit,b_130166,TAIL,TAIL,FALSE,FALSE,"",0.0119760479041916
nv-commit,b_143508,TAIL,TAIL,FALSE,FALSE,"",0.00399201596806387
nv-commit,b_122110,TAIL,TAIL,FALSE,FALSE,"",0.0139720558882236
nv-commit,b_120884,TAIL,ARROW,FALSE,FALSE,dd;pl,0.00199600798403194
nv-commit,b_150285,TAIL,ARROW,FALSE,FALSE,dd;pl,0.00199600798403194
nv-commit,b_150286,TAIL,TAIL,FALSE,FALSE,"",0.00598802395209581
nv-commit,b_150205,TAIL,TAIL,FALSE,FALSE,"",0.0239520958083832
nv-commit,b_143513,TAIL,TAIL,FALSE,FALSE,"",0.00798403193612774
nv-commit,b_151788,TAIL,TAIL,FALSE,FALSE,"",0.00199600798403194
nv-commit,b_151790,TAIL,TAIL,FALSE,FALSE,"",0.0239520958083832
nv-commit,b_150289,TAIL,TAIL,FALSE,FALSE,"",0.0219560878243513
nv-commit,b_150287,TAIL,TAIL,FALSE,FALSE,"",0.00199600798403194
nv-commit,b_162106,TAIL,TAIL,FALSE,FALSE,"",0.00798403193612774
nv-commit,b_162179,TAIL,TAIL,FALSE,FALSE,"",0.00199600798403194
nv-commit,b_162105,TAIL,TAIL,FALSE,FALSE,"",0.00199600798403194
nv-commit,b_160798,TAIL,TAIL,FALSE,FALSE,"",0.00199600798403194
nv-commit,b_180735,TAIL,TAIL,FALSE,FALSE,"",0.00199600798403194
nv-commit,b_191547,TAIL,TAIL,FALSE,FALSE,"",0.0159680638722555
nv-commit,b_173733,TAIL,TAIL,FALSE,FALSE,"",0.0359281437125749
nv-commit,b_162181,TAIL,TAIL,FALSE,FALSE,"",0.00199600798403194
nv-commit,nv-b_100740,TAIL,ARROW,FALSE,FALSE,dd;pl,0.00199600798403194
nv-commit,nv-file,TAIL,TAIL,FALSE,FALSE,"",0.00399201596806387
nv-commit,b_62940,TAIL,TAIL,FALSE,FALSE,"",0.00798403193612774
nv-commit,b_62937,TAIL,TAIL,FALSE,FALSE,"",0.00199600798403194
nv-commit2,b_113207,TAIL,TAIL,FALSE,FALSE,"",0.00199600798403194
nv-commit2,b_114619,TAIL,TAIL,FALSE,FALSE,"",0.0279441117764471
nv-commit,nv-thread,TAIL,TAIL,FALSE,FALSE,"",0.00199600798403194
nv-commit,nv-mis_link,TAIL,TAIL,FALSE,FALSE,"",0.103792415169661
nv-commit2,b_142970,TAIL,ARROW,FALSE,FALSE,dd;nl,0.00199600798403194
nv-commit2,b_143507,TAIL,TAIL,FALSE,FALSE,"",0.00199600798403194
nv-commit2,b_136450,TAIL,TAIL,FALSE,FALSE,"",0.031936127744511
nv-commit2,b_150204,TAIL,TAIL,FALSE,FALSE,"",0.00399201596806387
nv-commit2,b_150206,TAIL,ARROW,FALSE,FALSE,dd;nl,0.00199600798403194
nv-commit2,b_148275,TAIL,TAIL,FALSE,FALSE,"",0.00798403193612774
nv-commit2,b_143569,TAIL,TAIL,FALSE,FALSE,"",0.00399201596806387
nv-commit2,b_162105,TAIL,ARROW,FALSE,FALSE,dd;nl,0.00199600798403194
nv-commit2,b_162178,TAIL,ARROW,FALSE,FALSE,dd;nl,0.00399201596806387
nv-commit2,b_173733,TAIL,TAIL,FALSE,FALSE,"",0.00199600798403194
nv-commit2,b_160705,TAIL,TAIL,FALSE,FALSE,"",0.00199600798403194
nv-commit2,b_150208,TAIL,TAIL,FALSE,FALSE,"",0.00598802395209581
nv-commit2,b_191549,TAIL,ARROW,FALSE,FALSE,dd;nl,0.00598802395209581
nv-commit2,b_201967,TAIL,TAIL,FALSE,FALSE,"",0.00199600798403194
nv-commit2,b_191547,TAIL,TAIL,FALSE,FALSE,"",0.00998003992015968
nv-commit2,b_180739,TAIL,ARROW,FALSE,FALSE,dd;nl,0.00598802395209581
nv-commit2,nv-file,TAIL,TAIL,FALSE,FALSE,"",0.00998003992015968
nv-commit2,nv-mail_dev,TAIL,ARROW,FALSE,FALSE,dd;pl,0.00199600798403194
nv-commit2,b_93245,TAIL,TAIL,FALSE,FALSE,"",0.00199600798403194
nv-commit2,nv-code_dev,TAIL,ARROW,FALSE,FALSE,dd;pl,0.00798403193612774
nv-commit2,b_62937,TAIL,TAIL,FALSE,FALSE,"",0.00598802395209581
nv-file,b_114577,TAIL,ARROW,FALSE,FALSE,dd;pl,0.00399201596806387
nv-file,b_114619,TAIL,TAIL,FALSE,FALSE,"",0.00199600798403194
nv-commit2,nv-thread,TAIL,TAIL,FALSE,FALSE,"",0.00199600798403194
nv-file,b_114576,TAIL,TAIL,FALSE,FALSE,"",0.00798403193612774
nv-commit2,nv-mis_link,TAIL,TAIL,FALSE,FALSE,"",0.00598802395209581
nv-file,b_143508,TAIL,TAIL,FALSE,FALSE,"",0.00199600798403194
nv-file,b_143511,TAIL,TAIL,FALSE,FALSE,"",0.00199600798403194
nv-file,b_140195,TAIL,TAIL,FALSE,FALSE,"",0.00199600798403194
nv-file,b_140076,TAIL,TAIL,FALSE,FALSE,"",0.00199600798403194
nv-file,b_150204,TAIL,TAIL,FALSE,FALSE,"",0.00199600798403194
nv-file,b_150285,TAIL,TAIL,FALSE,FALSE,"",0.00199600798403194
nv-file,b_143571,TAIL,TAIL,FALSE,FALSE,"",0.0119760479041916
nv-file,b_143570,TAIL,TAIL,FALSE,FALSE,"",0.00798403193612774
nv-file,b_151793,TAIL,TAIL,FALSE,FALSE,"",0.00598802395209581
nv-file,b_160701,TAIL,TAIL,FALSE,FALSE,"",0.00199600798403194
nv-file,b_151790,TAIL,ARROW,FALSE,FALSE,dd;pl,0.00798403193612774
nv-file,b_150286,TAIL,TAIL,FALSE,FALSE,"",0.00399201596806387
nv-file,b_162109,TAIL,TAIL,FALSE,FALSE,"",0.00199600798403194
nv-file,b_162180,TAIL,TAIL,FALSE,FALSE,"",0.00199600798403194
nv-file,b_160798,TAIL,TAIL,FALSE,FALSE,"",0.0359281437125749
nv-file,b_160797,TAIL,TAIL,FALSE,FALSE,"",0.00199600798403194
nv-file,b_201967,TAIL,TAIL,FALSE,FALSE,"",0.00199600798403194
nv-file,nv-b_100740,TAIL,ARROW,FALSE,FALSE,dd;pl,0.00199600798403194
nv-file,b_180739,TAIL,TAIL,FALSE,FALSE,"",0.00399201596806387
nv-file,b_180734,TAIL,TAIL,FALSE,FALSE,"",0.00199600798403194
nv-file2,b_140221,TAIL,TAIL,FALSE,FALSE,"",0.00199600798403194
nv-file2,b_143569,TAIL,TAIL,FALSE,FALSE,"",0.0399201596806387
nv-file2,b_100740,TAIL,ARROW,FALSE,FALSE,dd;nl,0.00199600798403194
nv-file,nv-start,TAIL,TAIL,FALSE,FALSE,"",0.00199600798403194
nv-file2,b_150209,TAIL,TAIL,FALSE,FALSE,"",0.0159680638722555
nv-file2,b_150285,TAIL,TAIL,FALSE,FALSE,"",0.0399201596806387
nv-file2,b_148275,TAIL,TAIL,FALSE,FALSE,"",0.00598802395209581
nv-file2,b_143572,TAIL,TAIL,FALSE,FALSE,"",0.00399201596806387
nv-file2,b_160702,TAIL,TAIL,FALSE,FALSE,"",0.00199600798403194
nv-file2,b_160797,TAIL,TAIL,FALSE,FALSE,"",0.00199600798403194
nv-file2,b_151791,TAIL,ARROW,FALSE,FALSE,dd;nl,0.00199600798403194
nv-file2,b_150290,TAIL,TAIL,FALSE,FALSE,"",0.0658682634730539
nv-file2,b_162181,TAIL,TAIL,FALSE,FALSE,"",0.00199600798403194
nv-file2,b_173731,TAIL,ARROW,FALSE,FALSE,dd;pl,0.00199600798403194
nv-file2,b_160799,TAIL,TAIL,FALSE,FALSE,"",0.00998003992015968
nv-file2,b_64339,TAIL,ARROW,FALSE,FALSE,dd;nl,0.00598802395209581
nv-file2,b_80891,TAIL,ARROW,FALSE,FALSE,dd;pl,0.00199600798403194
nv-file2,b_62937,TAIL,TAIL,FALSE,FALSE,"",0.00199600798403194
nv-file2,b_180734,TAIL,TAIL,FALSE,FALSE,"",0.00399201596806387
nv-file2,nv-churn,TAIL,TAIL,FALSE,FALSE,"",0.00199600798403194
nv-file2,nv-commit,TAIL,TAIL,FALSE,FALSE,"",0.00998003992015968
nv-file2,mis_link,TAIL,ARROW,FALSE,FALSE,dd;pl,0.00199600798403194
nv-file2,b_93245,TAIL,TAIL,FALSE,FALSE,"",0.0219560878243513
nv-mail_dev,b_100742,TAIL,TAIL,FALSE,FALSE,"",0.0259481037924152
nv-mail_dev,b_114577,TAIL,TAIL,FALSE,FALSE,"",0.0119760479041916
nv-file2,start,TAIL,ARROW,FALSE,FALSE,dd;pl,0.00199600798403194
nv-file2,nv-mail_dev,TAIL,TAIL,FALSE,FALSE,"",0.00798403193612774
nv-mail_dev,b_143470,TAIL,TAIL,FALSE,FALSE,"",0.0439121756487026
nv-mail_dev,b_143509,TAIL,TAIL,FALSE,FALSE,"",0.00199600798403194
nv-mail_dev,b_130166,TAIL,TAIL,FALSE,FALSE,"",0.00399201596806387
nv-mail_dev,b_120884,TAIL,TAIL,FALSE,FALSE,"",0.00199600798403194
nv-mail_dev,b_143568,TAIL,TAIL,FALSE,FALSE,"",0.00199600798403194
nv-mail_dev,b_143570,TAIL,TAIL,FALSE,FALSE,"",0.00199600798403194
nv-mail_dev,b_143511,TAIL,TAIL,FALSE,FALSE,"",0.0538922155688623
nv-mail_dev,b_143510,TAIL,ARROW,FALSE,FALSE,dd;nl,0.00399201596806387
nv-mail_dev,b_150291,TAIL,TAIL,FALSE,FALSE,"",0.00199600798403194
nv-mail_dev,b_151788,TAIL,TAIL,FALSE,FALSE,"",0.00998003992015968
nv-mail_dev,b_150289,TAIL,TAIL,FALSE,FALSE,"",0.00199600798403194
nv-mail_dev,b_150286,TAIL,TAIL,FALSE,FALSE,"",0.00998003992015968
nv-mail_dev,b_166303,TAIL,ARROW,FALSE,FALSE,dd;pl,0.00199600798403194
nv-mail_dev,b_180732,TAIL,TAIL,FALSE,FALSE,"",0.00199600798403194
nv-mail_dev,b_162109,TAIL,TAIL,FALSE,FALSE,"",0.029940119760479
nv-mail_dev,b_151790,TAIL,TAIL,FALSE,FALSE,"",0.00199600798403194
nv-mail_dev,b_64339,TAIL,TAIL,FALSE,FALSE,"",0.00199600798403194
nv-b_103864,nv-thread,TAIL,ARROW,FALSE,FALSE,dd;nl,0.00998003992015968
nv-thread2,b_142970,TAIL,TAIL,FALSE,FALSE,"",0.00598802395209581
nv-thread2,b_143572,TAIL,TAIL,FALSE,FALSE,"",0.00399201596806387
nv-thread2,b_130166,TAIL,TAIL,FALSE,FALSE,"",0.00998003992015968
nv-thread2,b_120027,TAIL,TAIL,FALSE,FALSE,"",0.00399201596806387
nv-thread2,b_151791,TAIL,TAIL,FALSE,FALSE,"",0.00399201596806387
nv-thread2,b_151794,TAIL,TAIL,FALSE,FALSE,"",0.0878243512974052
nv-thread2,b_160798,TAIL,TAIL,FALSE,FALSE,"",0.00399201596806387
nv-thread2,b_150290,TAIL,TAIL,FALSE,FALSE,"",0.00199600798403194
nv-thread2,b_150209,TAIL,TAIL,FALSE,FALSE,"",0.00199600798403194
nv-thread2,b_162179,TAIL,TAIL,FALSE,FALSE,"",0.0179640718562874
nv-thread2,b_162181,TAIL,TAIL,FALSE,FALSE,"",0.00998003992015968
nv-thread2,b_162109,TAIL,TAIL,FALSE,FALSE,"",0.00199600798403194
nv-thread2,b_162106,TAIL,TAIL,FALSE,FALSE,"",0.031936127744511
nv-thread2,b_62937,TAIL,TAIL,FALSE,FALSE,"",0.00199600798403194
nv-thread2,b_63738,TAIL,TAIL,FALSE,FALSE,"",0.00199600798403194
nv-thread2,b_166303,TAIL,TAIL,FALSE,FALSE,"",0.12375249500998
nv-thread2,b_180739,TAIL,TAIL,FALSE,FALSE,"",0.00199600798403194
nv-thread2,b_166302,TAIL,TAIL,FALSE,FALSE,"",0.00199600798403194
nv-thread2,nv-b_100740,TAIL,ARROW,FALSE,FALSE,dd;pl,0.00199600798403194
nv-thread2,nv-b_103864,TAIL,ARROW,FALSE,FALSE,dd;pl,0.00399201596806387
nv-thread2,code_dev2,TAIL,ARROW,FALSE,FALSE,dd;pl,0.00199600798403194
nv-thread2,mail_dev2,TAIL,ARROW,FALSE,FALSE,dd;pl,0.00199600798403194
nv-thread2,b_80891,TAIL,ARROW,FALSE,FALSE,dd;pl,0.00399201596806387
nv-thread2,nv-thread,TAIL,TAIL,FALSE,FALSE,"",0.00399201596806387
nv-thread2,thread,TAIL,ARROW,FALSE,FALSE,pd;pl,0.00199600798403194
nv-thread2,nv-file,TAIL,TAIL,FALSE,FALSE,"",0.029940119760479
nv-thread2,nv-code_dev,TAIL,ARROW,FALSE,FALSE,dd;pl,0.00199600798403194
silence,b_151788,TAIL,ARROW,FALSE,FALSE,dd;nl,0.00199600798403194
silence,b_180732,TAIL,ARROW,FALSE,FALSE,dd;nl,0.00598802395209581
silence,b_122110,TAIL,ARROW,FALSE,FALSE,dd;nl,0.00199600798403194
silence,b_100740,TAIL,ARROW,FALSE,FALSE,dd;nl,0.00199600798403194
silence,churn,TAIL,ARROW,FALSE,FALSE,pd;nl,0.173652694610778
silence,b_64339,TAIL,ARROW,FALSE,FALSE,dd;nl,0.00199600798403194
silence,b_180734,TAIL,ARROW,FALSE,FALSE,dd;nl,0.00199600798403194
silence,nv-b_100740,TAIL,ARROW,FALSE,FALSE,dd;nl,0.0119760479041916
silence,nv-b_104180,TAIL,ARROW,FALSE,FALSE,dd;nl,0.0139720558882236
silence,file2,TAIL,ARROW,FALSE,FALSE,dd;nl,1
silence,nv-mis_link,TAIL,ARROW,FALSE,FALSE,dd;nl,0.00199600798403194
silence,nv-silence,TAIL,ARROW,FALSE,FALSE,dd;nl,0.00199600798403194
silence,nv-mail_dev2,TAIL,ARROW,FALSE,FALSE,dd;nl,0.00199600798403194
silence,nv-file,TAIL,ARROW,FALSE,FALSE,dd;nl,0.00199600798403194
silence2,b_122110,TAIL,ARROW,FALSE,FALSE,dd;nl,0.00199600798403194
silence2,b_166304,TAIL,ARROW,FALSE,FALSE,dd;nl,0.00199600798403194
silence,silence2,TAIL,ARROW,FALSE,FALSE,pd;nl,0.894211576846307
silence,nv-thread,TAIL,ARROW,FALSE,FALSE,dd;nl,0.00199600798403194
silence2,b_191549,TAIL,ARROW,FALSE,FALSE,dd;nl,0.00598802395209581
silence2,b_201967,TAIL,ARROW,FALSE,FALSE,dd;nl,0.00399201596806387
silence2,b_191547,TAIL,ARROW,FALSE,FALSE,dd;nl,0.00199600798403194
silence2,b_180737,TAIL,ARROW,FALSE,FALSE,dd;nl,0.00199600798403194
silence2,nv-b_104180,TAIL,ARROW,FALSE,FALSE,dd;nl,0.0119760479041916
silence2,nv-code_dev2,TAIL,ARROW,FALSE,FALSE,dd;nl,0.00399201596806387
silence2,churn,TAIL,ARROW,FALSE,FALSE,dd;nl,0.996007984031936
silence2,b_62940,TAIL,ARROW,FALSE,FALSE,dd;nl,0.00199600798403194
silence2,nv-silence,TAIL,ARROW,FALSE,FALSE,dd;nl,0.0139720558882236
start,b_103864,TAIL,ARROW,FALSE,FALSE,dd;nl,0.161676646706587
start,b_102939,TAIL,ARROW,FALSE,FALSE,dd;nl,0.205588822355289
start,b_100740,TAIL,ARROW,FALSE,FALSE,dd;nl,0.283433133732535
silence2,nv-file,TAIL,ARROW,FALSE,FALSE,dd;nl,0.00199600798403194
silence2,nv-commit2,TAIL,ARROW,FALSE,FALSE,dd;nl,0.029940119760479
start,b_114576,TAIL,ARROW,FALSE,FALSE,dd;nl,0.06187624750499
start,b_114619,TAIL,ARROW,FALSE,FALSE,dd;nl,0.0359281437125749
start,b_113207,TAIL,ARROW,FALSE,FALSE,dd;nl,0.0698602794411178
start,b_114109,TAIL,ARROW,FALSE,FALSE,dd;nl,0.0259481037924152
start,b_104180,TAIL,ARROW,FALSE,FALSE,dd;nl,0.107784431137725
start,b_122333,TAIL,ARROW,FALSE,FALSE,dd;nl,0.0199600798403194
start,b_130166,TAIL,ARROW,FALSE,FALSE,dd;nl,0.00798403193612774
start,b_122110,TAIL,ARROW,FALSE,FALSE,dd;nl,0.0279441117764471
start,b_120884,TAIL,ARROW,FALSE,FALSE,dd;nl,0.0379241516966068
start,b_150208,TAIL,ARROW,FALSE,FALSE,dd;nl,0.153692614770459
start,b_160705,TAIL,ARROW,FALSE,FALSE,dd;nl,0.582834331337326
start,b_150207,TAIL,ARROW,FALSE,FALSE,dd;nl,0.0459081836327345
start,b_150206,TAIL,ARROW,FALSE,FALSE,dd;nl,0.031936127744511
start,b_143568,TAIL,ARROW,FALSE,FALSE,dd;nl,0.00199600798403194
start,b_162181,TAIL,ARROW,FALSE,FALSE,dd;nl,0.00199600798403194
start,b_166304,TAIL,ARROW,FALSE,FALSE,dd;nl,0.00199600798403194
start,b_162180,TAIL,ARROW,FALSE,FALSE,dd;nl,0.768463073852295
start,b_162107,TAIL,ARROW,FALSE,FALSE,dd;nl,0.918163672654691
start,b_180732,TAIL,ARROW,FALSE,FALSE,dd;nl,0.0658682634730539
start,b_180734,TAIL,ARROW,FALSE,FALSE,dd;nl,0.111776447105788
start,b_173731,TAIL,ARROW,FALSE,FALSE,dd;nl,0.0259481037924152
start,b_167053,TAIL,ARROW,FALSE,FALSE,dd;nl,0.00998003992015968
start,b_191547,TAIL,ARROW,FALSE,FALSE,dd;nl,0.203592814371258
start,b_180739,TAIL,ARROW,FALSE,FALSE,dd;nl,0.0818363273453094
start,b_180735,TAIL,ARROW,FALSE,FALSE,pd;nl,0.253493013972056
start,b_191549,TAIL,ARROW,FALSE,FALSE,dd;nl,0.0479041916167665
start,b_201967,TAIL,ARROW,FALSE,FALSE,dd;nl,0.0518962075848303
start,churn,TAIL,ARROW,FALSE,FALSE,pd;nl,0.103792415169661
start,b_80891,TAIL,ARROW,FALSE,FALSE,dd;nl,0.636726546906188
thread2,churn,TAIL,ARROW,FALSE,FALSE,dd;nl,0.115768463073852
thread2,code_dev,TAIL,ARROW,FALSE,FALSE,pd;pl,0.431137724550898
thread2,commit,TAIL,ARROW,FALSE,FALSE,pd;nl,0.634730538922156
thread2,commit2,TAIL,ARROW,FALSE,FALSE,pd;nl,1
thread2,file,TAIL,ARROW,FALSE,FALSE,pd;nl,0.0359281437125749
thread2,file2,TAIL,ARROW,FALSE,FALSE,dd;nl,0.612774451097805
thread2,mail_dev2,TAIL,ARROW,FALSE,FALSE,dd;nl,1
thread2,nv-b_104180,TAIL,ARROW,FALSE,FALSE,dd;nl,0.00598802395209581
thread2,nv-churn2,TAIL,ARROW,FALSE,FALSE,dd;nl,0.00199600798403194
thread2,nv-code_dev2,TAIL,ARROW,FALSE,FALSE,dd;nl,0.00199600798403194
thread2,nv-file2,TAIL,ARROW,FALSE,FALSE,dd;nl,0.00199600798403194
thread2,nv-mail_dev,TAIL,ARROW,FALSE,FALSE,dd;nl,0.00199600798403194
thread2,nv-mail_dev2,TAIL,TAIL,FALSE,FALSE,"",0.00199600798403194
thread2,nv-mis_link2,TAIL,ARROW,FALSE,FALSE,dd;nl,0.00199600798403194
thread2,nv-silence2,TAIL,ARROW,FALSE,FALSE,dd;nl,0.00199600798403194
thread2,silence,TAIL,ARROW,FALSE,FALSE,pd;nl,0.199600798403194
thread2,silence2,TAIL,ARROW,FALSE,FALSE,pd;nl,0.0558882235528942
thread2,start,TAIL,ARROW,FALSE,FALSE,pd;pl,0.307385229540918
thread2,b_173733,TAIL,ARROW,FALSE,FALSE,dd;nl,0.00399201596806387
thread2,b_180734,TAIL,ARROW,FALSE,FALSE,dd;nl,0.00199600798403194
thread2,b_167053,TAIL,ARROW,FALSE,FALSE,dd;nl,0.00998003992015968
thread2,b_173731,TAIL,ARROW,FALSE,FALSE,dd;nl,0.00998003992015968
thread2,b_162182,TAIL,ARROW,FALSE,FALSE,dd;nl,0.00199600798403194
thread2,b_166302,TAIL,ARROW,FALSE,FALSE,dd;nl,0.00399201596806387
thread2,b_162178,TAIL,TAIL,FALSE,FALSE,"",0.00199600798403194
thread2,b_162179,TAIL,ARROW,FALSE,FALSE,dd;nl,0.00199600798403194
thread2,b_162108,TAIL,ARROW,FALSE,FALSE,dd;nl,0.00399201596806387
thread2,b_162109,TAIL,ARROW,FALSE,FALSE,dd;nl,0.00399201596806387
thread2,b_120884,TAIL,ARROW,FALSE,FALSE,dd;pl,0.00199600798403194
thread2,b_140076,TAIL,ARROW,FALSE,FALSE,dd;nl,0.00199600798403194
thread,start,TAIL,ARROW,FALSE,FALSE,pd;nl,0.143712574850299
thread,thread2,TAIL,ARROW,FALSE,FALSE,dd;nl,0.998003992015968
thread2,b_114109,TAIL,ARROW,FALSE,FALSE,dd;nl,0.00199600798403194
thread,silence,TAIL,ARROW,FALSE,FALSE,pd;nl,0.592814371257485
thread,nv-start,TAIL,ARROW,FALSE,FALSE,dd;nl,0.00598802395209581
thread,silence2,TAIL,ARROW,FALSE,FALSE,pd;nl,0.998003992015968
thread,nv-file2,TAIL,ARROW,FALSE,FALSE,dd;nl,0.00399201596806387
thread,nv-mis_link,TAIL,ARROW,FALSE,FALSE,dd;nl,0.00199600798403194
thread,nv-b_102939,TAIL,ARROW,FALSE,FALSE,dd;nl,0.00199600798403194
thread,nv-b_100740,TAIL,ARROW,FALSE,FALSE,dd;nl,0.0179640718562874
thread,nv-commit2,TAIL,ARROW,FALSE,FALSE,pd;nl,0.00199600798403194
thread,mail_dev2,TAIL,ARROW,FALSE,FALSE,pd;nl,0.828343313373254
thread,file2,TAIL,ARROW,FALSE,FALSE,pd;nl,1
thread,churn2,TAIL,ARROW,FALSE,FALSE,dd;nl,0.744510978043912
thread,b_62937,TAIL,ARROW,FALSE,FALSE,dd;nl,0.00399201596806387
thread,b_167053,TAIL,ARROW,FALSE,FALSE,dd;nl,0.0239520958083832
thread,b_166303,TAIL,ARROW,FALSE,FALSE,dd;nl,0.00199600798403194
thread,b_162105,TAIL,ARROW,FALSE,FALSE,dd;nl,0.00199600798403194
thread,b_143508,TAIL,ARROW,FALSE,FALSE,dd;nl,0.00199600798403194
thread,b_114576,TAIL,ARROW,FALSE,FALSE,dd;nl,0.00199600798403194
start,silence2,TAIL,ARROW,FALSE,FALSE,pd;nl,0.263473053892216
start,mail_dev,TAIL,ARROW,FALSE,FALSE,pd;nl,0.161676646706587
start,file,TAIL,ARROW,FALSE,FALSE,pd;nl,1
start,file2,TAIL,ARROW,FALSE,FALSE,pd;nl,1
start,commit2,TAIL,ARROW,FALSE,FALSE,pd;nl,0.954091816367266
start,commit,TAIL,ARROW,FALSE,FALSE,pd;nl,0.80439121756487
start,silence,TAIL,ARROW,FALSE,FALSE,pd;nl,0.18562874251497
start,nv-commit2,TAIL,ARROW,FALSE,FALSE,dd;nl,0.0279441117764471
start,mail_dev2,TAIL,ARROW,FALSE,FALSE,pd;nl,0.25748502994012
thread,b_104180,TAIL,ARROW,FALSE,FALSE,dd;nl,0.00199600798403194
thread,b_122110,TAIL,ARROW,FALSE,FALSE,dd;nl,0.00199600798403194
thread,b_143511,TAIL,ARROW,FALSE,FALSE,dd;nl,0.00199600798403194
thread,b_162178,TAIL,ARROW,FALSE,FALSE,dd;nl,0.00199600798403194
thread,b_166304,TAIL,ARROW,FALSE,FALSE,dd;nl,0.00199600798403194
thread,b_173731,TAIL,ARROW,FALSE,FALSE,dd;nl,0.0379241516966068
thread,churn,TAIL,ARROW,FALSE,FALSE,pd;nl,1
thread,commit,TAIL,ARROW,FALSE,FALSE,pd;nl,1
thread,commit2,TAIL,ARROW,FALSE,FALSE,pd;nl,0.818363273453094
start,churn2,TAIL,ARROW,FALSE,FALSE,pd;nl,0.580838323353293
b_191547,thread2,TAIL,ARROW,FALSE,FALSE,pd;pl,0.00798403193612774
b_191549,nv-b_100433,TAIL,ARROW,FALSE,FALSE,dd;pl,0.031936127744511
b_191549,nv-b_100740,TAIL,ARROW,FALSE,FALSE,dd;pl,0.107784431137725
b_191547,nv-mail_dev,TAIL,TAIL,FALSE,FALSE,"",0.00598802395209581
b_191547,thread,TAIL,ARROW,FALSE,FALSE,dd;nl,0.0159680638722555
b_191547,nv-b_102939,TAIL,ARROW,FALSE,FALSE,dd;pl,0.0279441117764471
b_191547,nv-code_dev,TAIL,ARROW,FALSE,FALSE,dd;nl,0.00399201596806387
b_191547,mail_dev2,TAIL,ARROW,FALSE,FALSE,dd;nl,0.00399201596806387
b_191547,nv-b_100433,TAIL,ARROW,FALSE,FALSE,dd;pl,0.0499001996007984
b_180739,nv-churn,TAIL,TAIL,FALSE,FALSE,"",0.0958083832335329
b_180739,nv-churn2,TAIL,ARROW,FALSE,FALSE,dd;nl,0.00598802395209581
b_180739,mis_link,TAIL,ARROW,FALSE,FALSE,dd;pl,0.00798403193612774
b_180739,nv-b_102939,TAIL,ARROW,FALSE,FALSE,dd;pl,0.0159680638722555
b_180737,nv-mis_link2,TAIL,ARROW,FALSE,FALSE,dd;nl,0.00199600798403194
b_180737,start,TAIL,ARROW,FALSE,FALSE,dd;pl,0.0479041916167665
b_180737,nv-b_100433,TAIL,ARROW,FALSE,FALSE,dd;pl,0.201596806387226
b_180735,silence2,TAIL,ARROW,FALSE,FALSE,dd;nl,0.00199600798403194
b_180735,thread,TAIL,ARROW,FALSE,FALSE,pd;pl,0.00598802395209581
b_180735,mail_dev2,TAIL,ARROW,FALSE,FALSE,dd;nl,0.00399201596806387
b_180735,nv-b_100433,TAIL,ARROW,FALSE,FALSE,dd;pl,0.0439121756487026
b_180735,nv-b_100742,TAIL,ARROW,FALSE,FALSE,dd;pl,0.159680638722555
b_180735,nv-b_104180,TAIL,ARROW,FALSE,FALSE,dd;pl,0.029940119760479
b_180735,nv-code_dev,TAIL,TAIL,FALSE,FALSE,"",0.0179640718562874
b_143507,nv-thread,TAIL,TAIL,FALSE,FALSE,"",0.00598802395209581
b_142970,nv-mail_dev,TAIL,ARROW,FALSE,FALSE,dd;pl,0.00199600798403194
b_142970,nv-code_dev2,TAIL,ARROW,FALSE,FALSE,dd;pl,0.00199600798403194
b_140224,nv-b_103864,TAIL,ARROW,FALSE,FALSE,dd;pl,0.0419161676646707
b_140221,nv-thread2,TAIL,TAIL,FALSE,FALSE,"",0.0538922155688623
b_140221,nv-b_102939,TAIL,ARROW,FALSE,FALSE,dd;pl,0.129740518962076
b_140195,nv-file2,TAIL,ARROW,FALSE,FALSE,dd;pl,0.00598802395209581
b_140221,nv-silence2,TAIL,TAIL,FALSE,FALSE,"",0.00998003992015968
b_140224,code_dev2,TAIL,ARROW,FALSE,FALSE,dd;pl,0.00199600798403194
b_142970,nv-b_100740,TAIL,ARROW,FALSE,FALSE,dd;pl,0.0518962075848303
b_143505,nv-b_100740,TAIL,ARROW,FALSE,FALSE,dd;pl,0.103792415169661
b_143505,nv-thread,TAIL,ARROW,FALSE,FALSE,dd;pl,0.00199600798403194
b_143505,start,TAIL,ARROW,FALSE,FALSE,dd;pl,0.00399201596806387
b_143506,nv-b_100740,TAIL,ARROW,FALSE,FALSE,dd;pl,0.0878243512974052
b_143506,nv-commit2,TAIL,ARROW,FALSE,FALSE,dd;pl,0.00399201596806387
b_143507,nv-code_dev2,TAIL,ARROW,FALSE,FALSE,dd;pl,0.00399201596806387
b_143507,nv-silence,TAIL,ARROW,FALSE,FALSE,dd;pl,0.00199600798403194
b_150285,nv-silence,TAIL,TAIL,FALSE,FALSE,"",0.0718562874251497
b_150285,nv-b_100740,TAIL,ARROW,FALSE,FALSE,dd;pl,0.0538922155688623
b_150209,nv-b_100740,TAIL,ARROW,FALSE,FALSE,dd;pl,0.0439121756487026
b_150209,nv-churn,TAIL,ARROW,FALSE,FALSE,dd;pl,0.00199600798403194
b_150208,nv-churn,TAIL,ARROW,FALSE,FALSE,dd;pl,0.0219560878243513
b_150208,nv-code_dev2,TAIL,TAIL,FALSE,FALSE,"",0.0199600798403194
b_150207,nv-b_104180,TAIL,ARROW,FALSE,FALSE,dd;pl,0.0658682634730539
b_150208,nv-b_103864,TAIL,ARROW,FALSE,FALSE,dd;pl,0.0758483033932136
b_150206,nv-b_102939,TAIL,ARROW,FALSE,FALSE,dd;pl,0.109780439121756
b_150206,nv-b_104180,TAIL,ARROW,FALSE,FALSE,dd;pl,0.06187624750499
b_150205,nv-churn2,TAIL,ARROW,FALSE,FALSE,dd;pl,0.00199600798403194
b_150206,nv-b_100742,TAIL,ARROW,FALSE,FALSE,dd;pl,0.225548902195609
b_150204,nv-code_dev,TAIL,ARROW,FALSE,FALSE,dd;pl,0.0119760479041916
b_150205,nv-churn,TAIL,TAIL,FALSE,FALSE,"",0.0139720558882236
b_150204,nv-b_100433,TAIL,ARROW,FALSE,FALSE,dd;pl,0.241516966067864
b_150204,nv-b_100742,TAIL,ARROW,FALSE,FALSE,dd;pl,0.193612774451098
b_148275,nv-b_102939,TAIL,ARROW,FALSE,FALSE,dd;pl,0.0658682634730539
b_148275,nv-b_104180,TAIL,ARROW,FALSE,FALSE,dd;pl,0.183632734530938
b_143572,nv-mis_link2,TAIL,TAIL,FALSE,FALSE,"",0.00798403193612774
b_148275,nv-b_100433,TAIL,ARROW,FALSE,FALSE,dd;pl,0.06187624750499
b_143571,nv-b_104180,TAIL,ARROW,FALSE,FALSE,dd;pl,0.0179640718562874
b_143572,nv-b_100740,TAIL,ARROW,FALSE,FALSE,dd;pl,0.031936127744511
b_143571,nv-b_100742,TAIL,ARROW,FALSE,FALSE,dd;pl,0.209580838323353
b_143571,nv-b_102939,TAIL,ARROW,FALSE,FALSE,dd;pl,0.0359281437125749
b_143570,nv-mail_dev2,TAIL,TAIL,FALSE,FALSE,"",0.00199600798403194
b_143570,nv-thread2,TAIL,ARROW,FALSE,FALSE,dd;pl,0.0119760479041916
b_143570,nv-code_dev,TAIL,TAIL,FALSE,FALSE,"",0.00598802395209581
b_143570,nv-commit2,TAIL,ARROW,FALSE,FALSE,dd;pl,0.00399201596806387
b_143570,nv-b_103864,TAIL,ARROW,FALSE,FALSE,dd;pl,0.0239520958083832
b_143570,nv-b_104180,TAIL,ARROW,FALSE,FALSE,dd;pl,0.029940119760479
b_143570,nv-b_100742,TAIL,ARROW,FALSE,FALSE,dd;pl,0.169660678642715
b_143570,nv-b_102939,TAIL,ARROW,FALSE,FALSE,dd;pl,0.031936127744511
b_143570,nv-b_100433,TAIL,ARROW,FALSE,FALSE,dd;pl,0.0538922155688623
b_143570,nv-b_100740,TAIL,ARROW,FALSE,FALSE,dd;pl,0.0279441117764471
b_143569,nv-b_100740,TAIL,ARROW,FALSE,FALSE,dd;pl,0.215568862275449
b_143569,nv-mail_dev,TAIL,TAIL,FALSE,FALSE,"",0.00998003992015968
b_143568,nv-b_100433,TAIL,ARROW,FALSE,FALSE,dd;pl,0.0998003992015968
b_143568,nv-b_100740,TAIL,ARROW,FALSE,FALSE,dd;pl,0.0518962075848303
b_143513,nv-b_103864,TAIL,ARROW,FALSE,FALSE,dd;pl,0.0459081836327345
b_143513,nv-b_104180,TAIL,ARROW,FALSE,FALSE,dd;pl,0.0339321357285429
b_143511,nv-file2,TAIL,TAIL,FALSE,FALSE,"",0.00199600798403194
b_143513,nv-b_100433,TAIL,ARROW,FALSE,FALSE,dd;pl,0.0538922155688623
b_143511,nv-b_102939,TAIL,ARROW,FALSE,FALSE,dd;pl,0.0479041916167665
b_143511,nv-code_dev2,TAIL,TAIL,FALSE,FALSE,"",0.0459081836327345
b_143510,nv-b_103864,TAIL,ARROW,FALSE,FALSE,dd;pl,0.19560878243513
b_143510,nv-code_dev,TAIL,TAIL,FALSE,FALSE,"",0.0119760479041916
b_143509,nv-b_104180,TAIL,ARROW,FALSE,FALSE,dd;pl,0.0279441117764471
b_143509,nv-file2,TAIL,TAIL,FALSE,FALSE,"",0.00598802395209581
b_143509,nv-b_100742,TAIL,ARROW,FALSE,FALSE,dd;pl,0.19560878243513
b_143509,nv-b_102939,TAIL,ARROW,FALSE,FALSE,dd;pl,0.0399201596806387
b_143508,nv-commit2,TAIL,ARROW,FALSE,FALSE,dd;pl,0.00199600798403194
b_143509,nv-b_100740,TAIL,ARROW,FALSE,FALSE,dd;pl,0.0738522954091816
b_143507,start,TAIL,ARROW,FALSE,FALSE,dd;pl,0.00199600798403194
b_143508,nv-b_102939,TAIL,ARROW,FALSE,FALSE,dd;pl,0.0419161676646707
b_150286,nv-b_104180,TAIL,ARROW,FALSE,FALSE,dd;pl,0.163672654690619
b_150287,nv-b_103864,TAIL,ARROW,FALSE,FALSE,dd;pl,0.031936127744511
b_150288,nv-b_100740,TAIL,ARROW,FALSE,FALSE,dd;pl,0.417165668662675
b_150288,nv-b_103864,TAIL,ARROW,FALSE,FALSE,dd;pl,0.183632734530938
b_150288,nv-b_104180,TAIL,ARROW,FALSE,FALSE,dd;pl,0.0279441117764471
b_150289,nv-b_102939,TAIL,ARROW,FALSE,FALSE,dd;pl,0.0279441117764471
b_150291,nv-b_100433,TAIL,ARROW,FALSE,FALSE,dd;pl,0.0578842315369262
b_150290,nv-mail_dev,TAIL,TAIL,FALSE,FALSE,"",0.00399201596806387
b_150289,nv-b_104180,TAIL,ARROW,FALSE,FALSE,dd;pl,0.031936127744511
b_134353,nv-b_100740,TAIL,ARROW,FALSE,FALSE,dd;pl,0.0339321357285429
b_134353,code_dev,TAIL,TAIL,FALSE,FALSE,"",0.00199600798403194
b_134353,nv-b_100433,TAIL,ARROW,FALSE,FALSE,dd;pl,0.267465069860279
b_134353,nv-b_102939,TAIL,ARROW,FALSE,FALSE,dd;pl,0.187624750499002
b_134353,nv-b_103864,TAIL,ARROW,FALSE,FALSE,dd;pl,0.0439121756487026
b_136450,nv-b_100433,TAIL,ARROW,FALSE,FALSE,dd;pl,0.0758483033932136
b_136450,nv-b_103864,TAIL,ARROW,FALSE,FALSE,dd;pl,0.0439121756487026
b_136450,nv-mail_dev,TAIL,ARROW,FALSE,FALSE,dd;pl,0.00399201596806387
b_140076,nv-b_100742,TAIL,ARROW,FALSE,FALSE,dd;pl,0.187624750499002
b_140076,nv-b_104180,TAIL,ARROW,FALSE,FALSE,dd;pl,0.0499001996007984
b_140076,nv-silence,TAIL,ARROW,FALSE,FALSE,dd;pl,0.00199600798403194
b_140160,mis_link2,TAIL,ARROW,FALSE,FALSE,dd;pl,0.00199600798403194
b_140160,nv-churn2,TAIL,ARROW,FALSE,FALSE,dd;pl,0.00199600798403194
b_140195,nv-b_100742,TAIL,ARROW,FALSE,FALSE,dd;pl,0.223552894211577
b_140195,code_dev,TAIL,ARROW,FALSE,FALSE,dd;pl,0.00399201596806387
b_140160,nv-mail_dev,TAIL,ARROW,FALSE,FALSE,dd;pl,0.00199600798403194
b_140195,nv-commit2,TAIL,ARROW,FALSE,FALSE,dd;pl,0.0119760479041916
b_130166,nv-b_104180,TAIL,ARROW,FALSE,FALSE,dd;pl,0.481037924151697
b_104180,nv-code_dev2,TAIL,ARROW,FALSE,FALSE,dd;pl,0.00399201596806387
b_100742,nv-file2,TAIL,ARROW,FALSE,FALSE,dd;nl,0.00598802395209581
b_100742,nv-b_103864,TAIL,ARROW,FALSE,FALSE,dd;pl,0.231536926147705
b_100742,nv-b_100433,TAIL,ARROW,FALSE,FALSE,dd;pl,0.277445109780439
b_100740,nv-thread2,TAIL,ARROW,FALSE,FALSE,dd;pl,0.00399201596806387
b_100740,nv-b_103864,TAIL,ARROW,FALSE,FALSE,dd;nl,0.0718562874251497
b_100433,silence,TAIL,ARROW,FALSE,FALSE,dd;pl,0.00199600798403194
b_100433,nv-b_100433,TAIL,ARROW,FALSE,FALSE,dd;pl,0.18562874251497
b_100433,nv-code_dev2,TAIL,TAIL,FALSE,FALSE,"",0.00199600798403194
b_100740,nv-b_104180,TAIL,ARROW,FALSE,FALSE,dd;pl,0.25748502994012
b_100742,nv-mail_dev2,TAIL,ARROW,FALSE,FALSE,dd;pl,0.00399201596806387
b_102939,nv-b_102939,TAIL,ARROW,FALSE,FALSE,dd;pl,0.285429141716567
b_102939,nv-b_103864,TAIL,ARROW,FALSE,FALSE,dd;pl,0.0698602794411178
b_102939,nv-start,TAIL,ARROW,FALSE,FALSE,dd;nl,0.00199600798403194
b_103864,nv-b_100433,TAIL,ARROW,FALSE,FALSE,dd;pl,0.105788423153693
b_103864,nv-churn2,TAIL,TAIL,FALSE,FALSE,"",0.00598802395209581
b_120027,nv-mail_dev2,TAIL,ARROW,FALSE,FALSE,dd;pl,0.00199600798403194
b_130166,nv-b_103864,TAIL,ARROW,FALSE,FALSE,dd;pl,0.0379241516966068
b_130166,mis_link2,TAIL,ARROW,FALSE,FALSE,dd;pl,0.00598802395209581
b_122110,nv-file,TAIL,ARROW,FALSE,FALSE,dd;pl,0.00399201596806387
b_120884,nv-b_104180,TAIL,ARROW,FALSE,FALSE,dd;pl,0.0658682634730539
b_122110,nv-b_103864,TAIL,ARROW,FALSE,FALSE,dd;pl,0.263473053892216
b_122333,nv-b_100740,TAIL,ARROW,FALSE,FALSE,dd;pl,0.0718562874251497
b_114109,nv-b_104180,TAIL,ARROW,FALSE,FALSE,dd;pl,0.063872255489022
b_114109,nv-silence,TAIL,ARROW,FALSE,FALSE,dd;pl,0.00199600798403194
b_114576,nv-b_102939,TAIL,ARROW,FALSE,FALSE,dd;pl,0.0439121756487026
b_114576,nv-b_103864,TAIL,ARROW,FALSE,FALSE,dd;pl,0.0658682634730539
b_114576,nv-code_dev2,TAIL,ARROW,FALSE,FALSE,dd;pl,0.00199600798403194
b_114577,churn,TAIL,ARROW,FALSE,FALSE,pd;pl,0.00199600798403194
b_114577,nv-thread2,TAIL,ARROW,FALSE,FALSE,dd;pl,0.00399201596806387
b_114619,nv-b_100433,TAIL,ARROW,FALSE,FALSE,dd;pl,0.0858283433133733
b_120027,nv-churn,TAIL,TAIL,FALSE,FALSE,"",0.00199600798403194
b_113207,nv-thread,TAIL,TAIL,FALSE,FALSE,"",0.0159680638722555
b_113207,mis_link,TAIL,ARROW,FALSE,FALSE,dd;pl,0.00199600798403194
b_113207,nv-b_100740,TAIL,ARROW,FALSE,FALSE,dd;pl,0.0499001996007984
b_180734,nv-b_100740,TAIL,ARROW,FALSE,FALSE,dd;pl,0.0259481037924152
b_180734,nv-b_100433,TAIL,ARROW,FALSE,FALSE,dd;pl,0.0339321357285429
b_180734,churn2,TAIL,ARROW,FALSE,FALSE,pd;pl,0.00199600798403194
b_180734,churn,TAIL,ARROW,FALSE,FALSE,pd;pl,0.00199600798403194
b_180732,nv-thread2,TAIL,ARROW,FALSE,FALSE,dd;pl,0.00598802395209581
b_160705,nv-thread2,TAIL,ARROW,FALSE,FALSE,dd;nl,0.00998003992015968
b_160705,nv-churn,TAIL,ARROW,FALSE,FALSE,dd;nl,0.0359281437125749
b_160705,nv-b_100433,TAIL,ARROW,FALSE,FALSE,dd;pl,0.127744510978044
b_160705,churn2,TAIL,ARROW,FALSE,FALSE,pd;pl,0.00199600798403194
b_160702,nv-b_100433,TAIL,ARROW,FALSE,FALSE,dd;pl,0.0499001996007984
b_160701,nv-commit2,TAIL,TAIL,FALSE,FALSE,"",0.0259481037924152
b_160701,nv-b_102939,TAIL,ARROW,FALSE,FALSE,dd;pl,0.157684630738523
b_160701,nv-b_100433,TAIL,ARROW,FALSE,FALSE,dd;pl,0.0479041916167665
b_151793,nv-thread2,TAIL,TAIL,FALSE,FALSE,"",0.00199600798403194
b_151791,nv-silence,TAIL,ARROW,FALSE,FALSE,dd;pl,0.00199600798403194
b_151791,nv-b_100433,TAIL,ARROW,FALSE,FALSE,dd;pl,0.0419161676646707
b_151789,nv-silence,TAIL,ARROW,FALSE,FALSE,dd;pl,0.00199600798403194
b_151789,nv-b_104180,TAIL,ARROW,FALSE,FALSE,dd;pl,0.165668662674651
b_151788,nv-b_100742,TAIL,ARROW,FALSE,FALSE,dd;pl,0.189620758483034
b_151787,nv-b_103864,TAIL,ARROW,FALSE,FALSE,dd;pl,0.0259481037924152
b_150291,nv-thread,TAIL,ARROW,FALSE,FALSE,dd;pl,0.00399201596806387
b_150291,nv-b_102939,TAIL,ARROW,FALSE,FALSE,dd;pl,0.0279441117764471
b_150291,nv-b_103864,TAIL,ARROW,FALSE,FALSE,dd;pl,0.151696606786427
b_151787,nv-b_100742,TAIL,ARROW,FALSE,FALSE,dd;pl,0.181636726546906
b_151787,nv-file,TAIL,ARROW,FALSE,FALSE,dd;pl,0.00399201596806387
b_151789,nv-b_102939,TAIL,ARROW,FALSE,FALSE,dd;pl,0.229540918163673
b_151789,nv-commit2,TAIL,TAIL,FALSE,FALSE,"",0.00798403193612774
b_151790,nv-b_103864,TAIL,ARROW,FALSE,FALSE,dd;pl,0.0119760479041916
b_151791,nv-b_102939,TAIL,ARROW,FALSE,FALSE,dd;pl,0.063872255489022
b_151793,nv-b_103864,TAIL,ARROW,FALSE,FALSE,dd;pl,0.029940119760479
b_151794,nv-b_104180,TAIL,ARROW,FALSE,FALSE,dd;pl,0.177644710578842
b_160701,nv-b_100742,TAIL,ARROW,FALSE,FALSE,dd;pl,0.179640718562874
b_160701,nv-code_dev,TAIL,ARROW,FALSE,FALSE,dd;pl,0.00199600798403194
b_160701,nv-mis_link,TAIL,ARROW,FALSE,FALSE,dd;pl,0.00199600798403194
b_160702,nv-mail_dev2,TAIL,ARROW,FALSE,FALSE,dd;pl,0.00199600798403194
b_160705,commit2,TAIL,ARROW,FALSE,FALSE,dd;nl,0.00598802395209581
b_160705,nv-b_103864,TAIL,ARROW,FALSE,FALSE,dd;nl,0.281437125748503
b_160705,nv-code_dev2,TAIL,ARROW,FALSE,FALSE,dd;nl,0.00199600798403194
b_160797,nv-b_102939,TAIL,ARROW,FALSE,FALSE,dd;pl,0.031936127744511
b_160797,nv-b_104180,TAIL,ARROW,FALSE,FALSE,dd;pl,0.0279441117764471
b_160797,nv-mis_link2,TAIL,ARROW,FALSE,FALSE,dd;pl,0.00199600798403194
b_160798,code_dev,TAIL,ARROW,FALSE,FALSE,dd;pl,0.00199600798403194
b_160798,nv-code_dev,TAIL,TAIL,FALSE,FALSE,"",0.00199600798403194
b_160798,nv-file2,TAIL,ARROW,FALSE,FALSE,dd;pl,0.00199600798403194
b_160799,nv-b_102939,TAIL,ARROW,FALSE,FALSE,dd;pl,0.0339321357285429
b_160799,nv-b_100742,TAIL,ARROW,FALSE,FALSE,dd;pl,0.161676646706587
b_160799,nv-b_100740,TAIL,ARROW,FALSE,FALSE,dd;pl,0.0399201596806387
b_162180,nv-commit2,TAIL,ARROW,FALSE,FALSE,dd;nl,0.0199600798403194
b_162107,nv-file2,TAIL,ARROW,FALSE,FALSE,dd;nl,0.0718562874251497
b_162106,nv-mis_link2,TAIL,TAIL,FALSE,FALSE,"",0.00998003992015968
b_162106,nv-b_104180,TAIL,ARROW,FALSE,FALSE,dd;pl,0.347305389221557
b_162105,nv-thread2,TAIL,ARROW,FALSE,FALSE,dd;pl,0.00199600798403194
b_162105,nv-b_100742,TAIL,ARROW,FALSE,FALSE,dd;pl,0.145708582834331
b_162105,nv-b_100433,TAIL,ARROW,FALSE,FALSE,dd;pl,0.0279441117764471
b_160799,nv-commit,TAIL,ARROW,FALSE,FALSE,dd;pl,0.00598802395209581
b_162105,nv-b_100740,TAIL,ARROW,FALSE,FALSE,dd;pl,0.0259481037924152
b_162105,nv-b_102939,TAIL,ARROW,FALSE,FALSE,dd;pl,0.365269461077844
b_162106,nv-b_100740,TAIL,ARROW,FALSE,FALSE,dd;pl,0.0239520958083832
b_162106,nv-commit2,TAIL,TAIL,FALSE,FALSE,"",0.0998003992015968
b_162107,nv-thread,TAIL,ARROW,FALSE,FALSE,dd;nl,0.00798403193612774
b_162108,code_dev,TAIL,TAIL,FALSE,FALSE,"",0.00199600798403194
b_162108,nv-b_100740,TAIL,ARROW,FALSE,FALSE,dd;pl,0.173652694610778
b_162108,nv-b_102939,TAIL,ARROW,FALSE,FALSE,dd;pl,0.0219560878243513
b_162108,nv-b_103864,TAIL,ARROW,FALSE,FALSE,dd;pl,0.0159680638722555
b_162108,nv-b_104180,TAIL,ARROW,FALSE,FALSE,dd;pl,0.129740518962076
b_162108,nv-silence,TAIL,ARROW,FALSE,FALSE,dd;pl,0.00199600798403194
b_162109,nv-b_100740,TAIL,ARROW,FALSE,FALSE,dd;pl,0.029940119760479
b_162109,nv-b_103864,TAIL,ARROW,FALSE,FALSE,dd;pl,0.0279441117764471
b_162109,nv-b_104180,TAIL,ARROW,FALSE,FALSE,dd;pl,0.0179640718562874
b_162176,nv-b_100740,TAIL,ARROW,FALSE,FALSE,dd;pl,0.029940119760479
b_162176,nv-b_103864,TAIL,ARROW,FALSE,FALSE,dd;pl,0.0159680638722555
b_162176,nv-b_104180,TAIL,ARROW,FALSE,FALSE,dd;pl,0.0359281437125749
b_162176,nv-churn,TAIL,ARROW,FALSE,FALSE,dd;pl,0.0219560878243513
b_162178,start,TAIL,ARROW,FALSE,FALSE,dd;pl,0.00199600798403194
b_162179,churn2,TAIL,ARROW,FALSE,FALSE,dd;pl,0.00199600798403194
b_162179,nv-b_100433,TAIL,ARROW,FALSE,FALSE,dd;pl,0.0399201596806387
b_162179,nv-churn,TAIL,ARROW,FALSE,FALSE,dd;pl,0.00199600798403194
b_162179,nv-file2,TAIL,ARROW,FALSE,FALSE,dd;pl,0.00399201596806387
b_162179,nv-mail_dev,TAIL,TAIL,FALSE,FALSE,"",0.0179640718562874
b_162180,churn,TAIL,ARROW,FALSE,FALSE,dd;nl,0.00199600798403194
b_162180,nv-b_103864,TAIL,ARROW,FALSE,FALSE,dd;pl,0.0518962075848303
b_162180,nv-b_100740,TAIL,ARROW,FALSE,FALSE,dd;nl,0.0698602794411178
b_162180,commit2,TAIL,ARROW,FALSE,FALSE,dd;nl,0.00598802395209581
b_166303,nv-b_103864,TAIL,ARROW,FALSE,FALSE,dd;pl,0.173652694610778
b_166302,nv-mail_dev,TAIL,TAIL,FALSE,FALSE,"",0.00798403193612774
b_162182,nv-mail_dev2,TAIL,TAIL,FALSE,FALSE,"",0.00598802395209581
b_162182,nv-b_100740,TAIL,ARROW,FALSE,FALSE,dd;pl,0.0399201596806387
b_162182,commit,TAIL,ARROW,FALSE,FALSE,dd;pl,0.00199600798403194
b_162181,nv-b_100740,TAIL,ARROW,FALSE,FALSE,dd;pl,0.0439121756487026
b_162180,thread,TAIL,ARROW,FALSE,FALSE,pd;pl,0.00199600798403194
b_162180,nv-mail_dev2,TAIL,ARROW,FALSE,FALSE,dd;nl,0.00199600798403194
b_162181,nv-b_100433,TAIL,ARROW,FALSE,FALSE,dd;pl,0.0499001996007984
b_162181,nv-b_103864,TAIL,ARROW,FALSE,FALSE,dd;pl,0.0219560878243513
b_162182,nv-file2,TAIL,TAIL,FALSE,FALSE,"",0.0479041916167665
b_166302,nv-b_100433,TAIL,ARROW,FALSE,FALSE,dd;pl,0.0479041916167665
b_166303,nv-b_100433,TAIL,ARROW,FALSE,FALSE,dd;pl,0.0518962075848303
b_166303,nv-b_104180,TAIL,ARROW,FALSE,FALSE,dd;pl,0.129740518962076
b_166303,nv-commit,TAIL,ARROW,FALSE,FALSE,dd;nl,0.00199600798403194
b_166303,nv-commit2,TAIL,ARROW,FALSE,FALSE,dd;pl,0.0578842315369262
b_166303,nv-mis_link,TAIL,ARROW,FALSE,FALSE,dd;pl,0.00399201596806387
b_166304,code_dev,TAIL,TAIL,FALSE,FALSE,"",0.00199600798403194
b_166304,nv-b_100740,TAIL,ARROW,FALSE,FALSE,dd;pl,0.19560878243513
b_167053,nv-b_102939,TAIL,ARROW,FALSE,FALSE,dd;nl,0.169660678642715
b_167053,nv-b_103864,TAIL,ARROW,FALSE,FALSE,dd;nl,0.0239520958083832
b_167053,nv-file,TAIL,ARROW,FALSE,FALSE,dd;pl,0.00399201596806387
b_173731,code_dev2,TAIL,ARROW,FALSE,FALSE,dd;pl,0.00199600798403194
b_173731,nv-b_104180,TAIL,ARROW,FALSE,FALSE,dd;pl,0.0259481037924152
b_173731,nv-thread,TAIL,ARROW,FALSE,FALSE,dd;nl,0.00399201596806387
b_173733,nv-b_100433,TAIL,ARROW,FALSE,FALSE,dd;pl,0.031936127744511
b_173733,nv-b_102939,TAIL,ARROW,FALSE,FALSE,dd;pl,0.542914171656687
b_173733,thread,TAIL,ARROW,FALSE,FALSE,dd;nl,0.00798403193612774
b_173733,nv-file,TAIL,TAIL,FALSE,FALSE,"",0.0558882235528942
b_173733,nv-b_104180,TAIL,ARROW,FALSE,FALSE,dd;pl,0.127744510978044
b_180732,mail_dev,TAIL,ARROW,FALSE,FALSE,dd;nl,0.00199600798403194
b_180732,mis_link,TAIL,ARROW,FALSE,FALSE,dd;nl,0.0119760479041916
b_180732,nv-silence,TAIL,ARROW,FALSE,FALSE,dd;nl,0.00199600798403194
b_180732,nv-b_102939,TAIL,ARROW,FALSE,FALSE,dd;pl,0.0159680638722555
b_180732,nv-b_100433,TAIL,ARROW,FALSE,FALSE,dd;pl,0.0339321357285429
b_160799,nv-b_103864,TAIL,ARROW,FALSE,FALSE,dd;pl,0.0179640718562874
b_180734,nv-b_104180,TAIL,ARROW,FALSE,FALSE,dd;pl,0.0199600798403194
b_180734,thread,TAIL,ARROW,FALSE,FALSE,pd;pl,0.00199600798403194
